cluster,Name,Metal,M_e,log_age,log_age_e,dg,mass,e_mass,rt_pc,e_rt_pc,R_J_pc,a_kpc,e,p_Myr,i_deg,S,V_esc_km/s,V_esc_err,V_rel_km/s,V_rel_err,R_roc
1,ASCC_12,0.0270298,0.007887664,7.69019608,0.199945098,11.15547834,397,79,17.55312062,1.410264292,9.298467769,9.972218477,0.170109926,0.900313951,96.26556534,67.95901196,7.73032356,1.321802455,8.616732832,5.263230105,11.45542697
1,CWNU_1145,0.0270298,0.007887664,7.499687083,0.194991864,10.68425128,75,15,25.05410427,15.10076094,5.362754719,9.153765113,0.162936967,0.791782592,93.43077529,67.95901196,7.73032356,1.321802455,8.616732832,5.263230105,6.553965307
2,ASCC_19,0.0085476,0.002494306,7.06069784,0.183578144,7.49141136,107,21,14.7306639,1.987029824,5.725913457,8.285946172,0.089026334,0.681898075,87.53566238,17.9239534,11.34228863,1.6240544,25.52544292,3.275692722,6.229373078
2,UBC_17a,0.0480666,0.014026488,6.759667845,0.175751364,7.766235242,161,32,38.62093172,40.24290845,6.563258831,8.444213906,0.092908392,0.701528214,87.56010566,17.9239534,11.34228863,1.6240544,25.52544292,3.275692722,7.275633011
3,ASCC_21,0.0152,0.004435567,7.149219113,0.185879697,7.370193126,225,45,12.44776627,5.936202239,7.337639147,8.297464921,0.088329228,0.683320485,87.54147535,13.29058809,16.07180112,2.277542101,20.93985046,3.764261357,6.619173856
3,Briceno_1,0.0152,0.004435567,7.06069784,0.183578144,7.252876261,174,34,6.578073463,1.655308981,6.73375781,8.32526948,0.088740882,0.686758041,87.3989635,13.29058809,16.07180112,2.277542101,20.93985046,3.764261357,5.958186727
7,ASCC_72,0.0480666,0.014026488,6.599883072,0.17159696,15.92677993,586,117,14.45695173,1.228659476,8.96311541,6.733471172,0.062548165,0.499533721,95.4096677,284.5507735,4.796921859,0.772301348,15.43110327,2.785267121,10.1647595
7,UBC_1513,0.0152,0.004435567,8.439332694,0.21942265,13.22221312,175,35,6.44894696,0.138391166,6.138775828,6.972150723,0.091614683,0.526327975,74.08911676,284.5507735,4.796921859,0.772301348,15.43110327,2.785267121,6.794138497
8,ASCC_125,0.0085476,0.002494306,6.599883072,0.17159696,11.91976,460,92,2.462549476,0.079466105,9.322528604,10.47785222,0.186231466,0.96964934,89.17226408,47.39823538,10.10935184,1.696539934,16.85384817,6.283286831,11.1060037
8,CWNU_58,0.0480666,0.014026488,6.889861721,0.179136405,13.81662404,103,20,12.92917152,0.384727818,5.657560171,10.52867787,0.2053527,0.976713207,89.41971794,47.39823538,10.10935184,1.696539934,16.85384817,6.283286831,6.691451513
14,Alessi_80B,0.0480666,0.014026488,7.320146286,0.190323803,10.63217821,288,57,33.03455613,13.66786767,7.091128316,8.616746335,0.055921395,0.723138135,92.47039929,54.06647178,12.39865995,1.886315261,18.11890101,2.175018945,7.830921947
14,CWNU_275,0.0152,0.004435567,7.480006943,0.194480181,10.7441992,678,135,45.10194813,20.59915696,9.439470428,8.533480641,0.061137417,0.712681712,88.60222253,54.06647178,12.39865995,1.886315261,18.11890101,2.175018945,10.45132108
17,Antalova_1,0.0480666,0.014026488,7.579783597,0.197074374,12.83736765,134,26,32.70828021,5.640028888,5.302002686,9.821309408,0.095799171,0.879954857,94.85348212,68.50511089,8.438791242,1.341417042,44.48887262,2.809006855,5.814212632
17,Theia_2803,0.0480666,0.014026488,6.910090546,0.179662354,14.80888816,433,86,35.54916437,9.593955364,7.691268766,8.183058582,0.011227491,0.669236768,99.29396963,68.50511089,8.438791242,1.341417042,44.48887262,2.809006855,8.60444716
18,Antalova_2,0.0270298,0.007887664,7.068185862,0.183772832,9.961134228,109,21,11.07216783,1.950706253,5.16177132,8.423993485,0.034471237,0.699009916,94.44068413,151.1257421,3.626494036,0.501854223,18.62562074,5.365396163,5.723011698
18,UFMG_95,0.0152,0.004435567,7.480006943,0.194480181,10.86120417,122,24,9.394208917,0.503312192,5.32787329,8.465129339,0.020929115,0.704136245,88.16753445,151.1257421,3.626494036,0.501854223,18.62562074,5.365396163,5.942069047
19,BDSB_30,0.0270298,0.007887664,7.06069784,0.183578144,9.712868716,447,89,6.432843982,1.18266644,9.201206287,9.864897353,0.151524429,0.885819342,89.91214024,50.40001706,19.05094351,3.116488465,14.56926011,7.803800938,10.60802714
19,OC_0185,0.0270298,0.007887664,7.519827994,0.195515528,9.354980946,1679,335,31.93803047,0.589138951,14.31600252,9.818131831,0.170976679,0.879527842,90.75893596,50.40001706,19.05094351,3.116488465,14.56926011,7.803800938,16.86622134
20,BDSB_93,0.0480666,0.014026488,6.599883072,0.17159696,11.06257816,124,24,25.28731147,39.74687606,6.338803687,7.594993628,0.069996487,0.598408045,80.42626334,22.24228976,8.436637039,1.233620565,10.77993325,5.699971898,7.585603555
20,HSC_1740,0.0480666,0.014026488,6.599883072,0.17159696,14.54984645,60,12,5.188845466,0.147785308,4.961437083,7.647141953,0.071593017,0.604581747,80.65614596,22.24228976,8.436637039,1.233620565,10.77993325,5.699971898,5.852580629
21,BDSB_96,0.0270298,0.007887664,7.301029996,0.18982678,9.260242642,1846,369,14.12194246,1.288072148,15.35919359,7.466949046,0.034477635,0.583339096,81.70238245,122.8325722,12.63471908,2.107898657,39.26684618,7.337873529,18.63212156
21,Theia_3581,0.0270298,0.007887664,7.439332694,0.19342265,10.68164824,433,86,87.08016437,108.2959993,9.412280344,7.665610637,0.047918466,0.606773265,84.08494463,122.8325722,12.63471908,2.107898657,39.26684618,7.337873529,11.46786933
22,BDSB_124,0.0480666,0.014026488,8.209515015,0.21344739,13.55173025,1989,397,9.339804579,1.04519921,12.47670426,19.87389514,0.267472774,2.532974362,82.70869753,407.2532462,7.909283219,1.18360781,74.25358059,3.561507049,12.32468939
22,UBC_1036,0.0270298,0.007887664,8.269512944,0.215007337,14.61050036,972,194,7.796690499,0.261167779,9.363835615,11.98583376,0.162023606,1.186338645,67.95050154,407.2532462,7.909283219,1.18360781,74.25358059,3.561507049,9.707683226
25,BH_78,0.0152,0.004435567,9.008600172,0.234223604,16.54388065,755,151,9.874237069,0.388434517,12.54633441,49.73746358,0.877899265,10.02840245,118.6664093,1730.882311,3.2843263,0.486820838,9.054309515,4.772371421,14.33448255
25,UBC_252,0.0152,0.004435567,9.149219113,0.237879697,13.71578019,1415,283,14.57449134,1.243368529,14.42975464,13.95485808,0.479199102,1.490371164,98.20377465,1730.882311,3.2843263,0.486820838,9.054309515,4.772371421,17.67334118
27,BH_87,0.0270298,0.007887664,8.699837726,0.226195781,12.76838298,1700,340,11.12066686,1.86992913,13.97242448,9.081157607,0.129960241,0.782380689,93.46854572,249.9700951,9.026207271,1.396392054,15.17198344,4.513938898,16.17421505
27,HSC_2340,0.0270298,0.007887664,8.240549248,0.21425428,12.84149999,667,133,50.4663837,10.68204507,10.11922143,8.348354067,0.161137161,0.689616419,76.79580872,249.9700951,9.026207271,1.396392054,15.17198344,4.513938898,11.83945889
28,BH_92,0.0270298,0.007887664,8.650307523,0.224907996,13.70669066,390,78,7.43986333,1.087944734,8.509584239,7.109817031,0.198668414,0.541993327,77.21823127,131.9035304,7.674778783,1.09412825,20.39716372,4.123660248,9.977083061
28,HSC_2281,0.0085476,0.002494306,7.650307523,0.198907996,13.57226243,513,102,64.99121561,130.5882938,9.406665169,9.630257777,0.176101722,0.8544038,81.69134002,131.9035304,7.674778783,1.09412825,20.39716372,4.123660248,10.93278096
29,BH_132,0.0480666,0.014026488,7.800029359,0.202800763,13.63290559,478,95,7.838466023,0.427600638,8.547238144,6.25956608,0.05411826,0.44773665,84.12543703,344.5800701,3.918705994,0.631353618,17.67827274,2.417673403,9.746049509
29,CWNU_2700,0.0152,0.004435567,7.469822016,0.194215372,12.7480999,137,27,11.3308615,0.966357359,5.726391392,7.105462954,0.085465282,0.541495525,78.83884488,344.5800701,3.918705994,0.631353618,17.67827274,2.417673403,6.425713997
32,Basel_8,0.0152,0.004435567,7.369215857,0.191599612,11.49404407,166,33,18.40508632,0.433537819,7.13842659,7.626061219,0.115222933,0.602083512,82.66154881,116.5901017,5.633179473,0.808907474,22.0840614,4.468532942,8.838215831
32,Theia_2812,0.0085476,0.002494306,8.120573931,0.211134922,11.42994541,264,52,18.9357619,1.143926324,8.272832291,8.834197979,0.091436019,0.750683715,80.60007791,116.5901017,5.633179473,0.808907474,22.0840614,4.468532942,10.31836187
38,Berkeley_12,0.0270298,0.007887664,9.530199698,0.247785192,13.63601745,2661,532,18.88145651,0.707555435,20.16099666,26.9876136,0.414610891,4.008233635,102.5518962,1047.052373,5.121503095,0.873544961,64.61535677,9.544123746,26.53307048
38,Juchert_20,0.0480666,0.014026488,9.149219113,0.237879697,13.20764706,531,106,13.11164,0.113708447,11.44328884,22.74856125,0.350010727,3.101967225,95.34606854,1047.052373,5.121503095,0.873544961,64.61535677,9.544123746,15.50482558
47,Berkeley_62,0.0480666,0.014026488,6.609594409,0.171849455,16.34036808,218,43,15.00461266,0.645525474,8.056729273,13.40763662,0.254964853,1.40357185,85.06101154,92.06874137,9.362579469,1.504907616,8.354897608,3.587071233,10.04774864
47,NGC_366,0.0480666,0.014026488,6.640481437,0.172652517,18.05153325,720,144,5.185542219,0.098375873,11.91201139,13.37420479,0.270634201,1.398325433,85.40346944,92.06874137,9.362579469,1.504907616,8.354897608,3.587071233,14.99747474
50,Berkeley_69,0.0480666,0.014026488,9.190331698,0.238948624,13.8157242,1146,229,10.02306162,0.154753518,15.37318687,13.54880998,0.274934573,1.425798097,93.33108723,813.5607188,3.720703291,0.65983331,9.855292648,6.318232476,19.66635569
50,FSR_0811,0.0480666,0.014026488,8.760422483,0.227770985,14.06596564,163,32,9.084737032,0.172093767,7.714563317,9.109465408,0.178560028,0.786041796,83.67661611,813.5607188,3.720703291,0.65983331,9.855292648,6.318232476,10.26568625
51,Berkeley_75,0.0085476,0.002494306,9.089905111,0.236337533,15.60639335,1685,337,469.9953951,146.1855415,26.11547226,69.27631654,0.656078026,16.4847925,32.19544224,595.7397727,7.412115145,1.056498389,18.26951893,11.89154414,27.31743296
51,Tombaugh_2,0.0085476,0.002494306,9.130333768,0.237388678,15.49492575,2119,423,12.36939071,0.816347251,22.24677173,31.41090347,0.53736538,5.033000171,65.93720769,595.7397727,7.412115145,1.056498389,18.26951893,11.89154414,29.48658288
52,Berkeley_81,0.0270298,0.007887664,9.220108088,0.23972281,14.21426278,1691,338,8.833853761,0.128886333,10.72667881,12.15694337,0.141167613,1.211833332,106.8541809,151.9154794,11.9063765,1.787994106,7.880577632,3.980956157,11.33645806
52,HSC_320,0.0152,0.004435567,8.650307523,0.224907996,17.40663961,812,162,12.50832249,0.673078209,8.424575604,16.4362675,0.156687988,1.905070728,91.89463112,151.9154794,11.9063765,1.787994106,7.880577632,3.980956157,8.875947942
55,Berkeley_87,0.0480666,0.014026488,7.049218023,0.183279669,13.90790332,824,164,5.601518645,0.292867399,10.85813784,10.61307102,0.150201391,0.988480051,97.0974692,258.0409986,6.895497521,0.985169658,13.61423952,3.009359278,12.52145786
55,Teutsch_8,0.0480666,0.014026488,6.910090546,0.179662354,13.16743841,602,120,14.4386016,14.64620389,9.683197516,11.02902815,0.151081768,1.047157893,97.5222896,258.0409986,6.895497521,0.985169658,13.61423952,3.009359278,11.27721832
58,Berkeley_97,0.0480666,0.014026488,6.650307523,0.172907996,17.6366197,289,57,8.585274606,2.414187017,8.55906436,17.48841789,0.413374173,2.090894337,89.94181254,416.9151324,4.276054506,0.638591352,15.42694906,4.614660662,10.77978578
58,CWNU_23,0.0085476,0.002494306,6.620136055,0.172123537,15.5346198,597,119,116.694573,73.74075181,11.1858973,18.04976144,0.403599966,2.192368241,88.96606024,416.9151324,4.276054506,0.638591352,15.42694906,4.614660662,13.72906994
59,Berkeley_104,0.0480666,0.014026488,9.021189299,0.234550922,14.51276544,328,65,10.78006882,0.585824098,9.752108573,21.4046943,0.522915472,2.831195422,81.74509144,652.086553,2.966610268,0.416212047,6.947523235,6.259175623,12.5722237
59,UBC_1212,0.0270298,0.007887664,9.369215857,0.243599612,14.02585449,339,67,15.22962195,1.41364582,9.849694535,50.08522873,0.523630921,10.13376421,99.06087764,652.086553,2.966610268,0.416212047,6.947523235,6.259175623,12.71122645
61,Bochum_1,0.0480666,0.014026488,8.729974286,0.226979331,14.06452633,2259,451,235.2938057,902.0996747,20.18303237,12.29178445,0.181013959,1.232051059,89.06546617,156.5848848,11.94339034,2.105882218,16.23628983,9.567950831,26.72236488
61,HSC_1540,0.0480666,0.014026488,6.630427875,0.172391125,18.30919824,337,67,35.46689555,4.764550244,10.73820951,8.269099953,0.184563336,0.679819574,56.97545203,156.5848848,11.94339034,2.105882218,16.23628983,9.567950831,14.12790972
64,COIN-Gaia_15,0.0480666,0.014026488,7.800029359,0.202800763,12.18341072,579,115,10.41838682,0.466566943,10.67257356,8.665546152,0.145566001,0.729289923,96.75784343,129.1286695,12.59823605,2.005163083,59.58879269,5.812136282,13.10784157
64,Saloranta_10,0.0270298,0.007887664,8.519827994,0.221515528,11.1157375,1803,360,15.10206132,2.887860123,15.51821991,10.26839863,0.155074558,0.940720013,96.54416306,129.1286695,12.59823605,2.005163083,59.58879269,5.812136282,19.1731855
65,COIN-Gaia_19,0.0270298,0.007887664,8.550228353,0.222305937,11.57464722,218,43,31.86539564,19.37807242,7.760921836,8.160401421,0.138829568,0.66645923,91.53926797,131.5774897,16.38784147,3.119305322,141.651087,5.471477044,9.614234995
65,CWNU_255,0.0270298,0.007887664,8.760422483,0.227770985,11.18040718,3889,777,9.303228298,0.415260221,20.50327651,10.24859998,0.211278647,0.938000601,87.74567138,131.5774897,16.38784147,3.119305322,141.651087,5.471477044,25.24413346
68,COIN-Gaia_37,0.0270298,0.007887664,7.540329475,0.196048566,11.70158021,145,29,24.65691419,6.224964034,6.547287843,11.31366985,0.281200162,1.087956559,93.66732392,122.241233,4.375480896,0.61745833,16.60115013,3.22799521,7.985691827
68,HSC_1090,0.0270298,0.007887664,8.550228353,0.222305937,11.71149986,127,25,19.37342588,0.679053003,6.270167225,18.88815038,0.285510021,2.346877659,91.88416515,122.241233,4.375480896,0.61745833,16.60115013,3.22799521,7.640359009
69,CWNU_19,0.0480666,0.014026488,6.670245853,0.173426392,16.16772429,214,42,24.04584119,1.853396743,6.282378652,7.819007116,0.063773773,0.625077283,97.80941586,154.6997149,4.329327047,0.62305402,33.01380014,0.943706925,6.932923388
69,CWNU_395,0.0270298,0.007887664,8.178976947,0.212653401,12.70492041,123,24,7.444350711,0.474823828,5.248420821,8.410784219,0.10915089,0.697366434,82.62025063,154.6997149,4.329327047,0.62305402,33.01380014,0.943706925,5.764150403
71,CWNU_352,0.0480666,0.014026488,7.450249108,0.193706477,11.7264048,163,22,10.29717087,4.92228135,6.056488578,7.563921488,0.037918217,0.594739552,86.15479148,73.00343481,7.052364965,0.930243207,21.72210409,5.664932255,6.856537726
71,CWNU_95,0.0152,0.004435567,7.301029996,0.18982678,12.09144062,259,51,13.7624157,1.058997051,7.063338039,7.678450285,0.024911378,0.608298392,88.83483596,73.00343481,7.052364965,0.930243207,21.72210409,5.664932255,8.003847412
74,CWNU_153,0.0270298,0.007887664,8.599883072,0.22359696,12.16988036,150,30,8.882831903,1.081226707,5.980577508,10.41859571,0.162557188,0.96143534,83.74046386,155.1812156,6.439934126,1.060188346,1.640327638,1.777842078,6.786326572
74,Roslund_3,0.0480666,0.014026488,8.250420002,0.21451092,12.07133052,598,119,8.331817453,0.401692715,9.387299606,11.75428784,0.159242451,1.152128143,96.62357842,155.1812156,6.439934126,1.060188346,1.640327638,1.777842078,10.76252947
75,CWNU_180,0.0480666,0.014026488,7.149219113,0.185879697,12.49113002,249,49,15.50013807,3.986400356,7.329889729,9.69162333,0.127550123,0.862583394,92.44140438,66.68824242,7.869482677,1.104592773,12.66197084,6.614201944,8.554036679
75,OC_0115,0.0270298,0.007887664,8.11058971,0.210875332,19.37492418,231,46,36.11892311,186.4650506,7.153332886,11.51072708,0.108431561,1.116504399,92.16383328,66.68824242,7.869482677,1.104592773,12.66197084,6.614201944,8.341774744
76,CWNU_193,0.0270298,0.007887664,8.519827994,0.221515528,12.17309244,120,24,12.58723241,0.831624921,6.229590736,7.912747436,0.127874835,0.636351773,100.6362866,306.6530823,3.32486981,0.500088816,10.66438062,3.00995547,7.768283677
76,Theia_3628,0.0085476,0.002494306,8.301029996,0.21582678,12.28711887,274,54,26.26471398,1.414039442,8.43093256,8.792409179,0.131630347,0.74536353,98.04123621,306.6530823,3.32486981,0.500088816,10.66438062,3.00995547,10.22949981
77,Collinder_107,0.0152,0.004435567,6.92992956,0.180178169,12.22219345,235,47,26.0845146,3.389679655,7.988691295,7.532681443,0.041496265,0.591058824,79.28225751,122.7365274,6.597950989,0.961017044,18.26709547,3.231799834,9.948818482
77,CWNU_239,0.0152,0.000443557,7.301029996,0.18982678,12.40134421,386,77,5.774075373,0.345880187,9.461577518,7.347342487,0.050905161,0.569379373,80.36742252,122.7365274,6.597950989,0.961017044,18.26709547,3.231799834,11.74139264
78,CWNU_1107,0.0480666,0.014026488,7.309630167,0.190050384,9.419092355,170,34,10.75716236,1.875291233,6.684762357,9.758442776,0.16064448,0.871519447,91.57032003,106.6549112,7.600047082,1.215866738,37.46992979,7.802980787,7.954231296
78,CWNU_286,0.0270298,0.007887664,8.609594409,0.223849455,9.698828976,546,109,175.0351251,721.2289479,9.830521178,11.40702779,0.170857115,1.101450672,90.35541796,106.6549112,7.600047082,1.215866738,37.46992979,7.802980787,11.74365777
79,CWNU_326,0.0152,0.004435567,9.100370545,0.236609634,12.04697661,109,21,13.57437974,2.753757196,5.370895113,12.90826106,0.119800207,1.325891276,89.72355849,377.2939699,2.517866309,0.355153726,8.328952517,2.965907978,6.223373308
79,UBC_1090,0.0480666,0.014026488,8.899820502,0.231395333,14.39296392,169,33,7.086332949,0.441135861,6.3261753,12.49566253,0.151804815,1.262831,96.08743435,377.2939699,2.517866309,0.355153726,8.328952517,2.965907978,7.202998369
81,CWNU_361,0.0085476,0.002494306,8.920123326,0.231923206,11.47444534,89,17,11.0325284,1.671175379,5.618359629,13.14961712,0.225794249,1.363251438,88.10746767,46.92113828,11.66454717,2.069208967,7.308263734,2.852521993,6.752863052
81,NGC_1582,0.0480666,0.014026488,8.201397124,0.213236325,10.96812775,653,130,16.61154367,1.758398387,10.91927476,13.59059542,0.201632905,1.432399066,85.25744798,46.92113828,11.66454717,2.069208967,7.308263734,2.852521993,13.32673969
83,CWNU_423,0.0480666,0.014026488,8.829946696,0.229578614,13.0295595,267,53,9.053666488,2.293615,7.944614751,10.19306678,0.190153221,0.930386944,92.04014013,145.8469995,7.031103011,1.05781309,59.82717617,8.541354913,9.668526053
83,NGC_743,0.0085476,0.002494306,7.540329475,0.196048566,11.38404514,571,114,15.92801902,0.964753134,10.31912982,9.919714424,0.187451674,0.893213045,91.99844124,145.8469995,7.031103011,1.05781309,59.82717617,8.541354913,12.45963849
84,CWNU_427,0.0270298,0.007887664,8.459392488,0.219944205,11.6381508,284,56,224.249903,546.6334957,7.542242682,10.31261375,0.095554106,0.946802575,92.22140806,172.0639591,8.766821798,1.466437743,9.745014098,3.643707364,8.739828118
84,UBC_136,0.0270298,0.007887664,8.760422483,0.227770985,12.21028921,1253,250,20.44763323,2.53334979,12.39943179,10.62895837,0.096338564,0.990700454,92.6971237,172.0639591,8.766821798,1.466437743,9.745014098,3.643707364,14.3389827
85,CWNU_459,0.0480666,0.014026488,6.599883072,0.17159696,16.11641008,493,98,39.4868029,8.737845732,10.2944954,16.98870939,0.40179085,2.001920764,89.1625987,138.8236961,8.989948318,1.308777118,26.5277009,4.932944484,12.8917695
85,UBC_1185,0.0480666,0.014026488,7.068185862,0.183772832,15.49988698,811,162,54.00632921,10.82968131,12.30983856,16.38723656,0.40338102,1.89655258,91.40564019,138.8236961,8.989948318,1.308777118,26.5277009,4.932944484,15.22425806
88,CWNU_1281,0.0085476,0.002494306,7.540329475,0.196048566,11.73548573,112,22,22.51995211,2.455861275,6.24833725,7.694668508,0.074176401,0.610226657,80.12343288,106.2263206,5.286201077,0.783442163,86.15583223,0.770315241,7.777909423
88,OC_0352,0.0480666,0.014026488,7.589949601,0.19733869,11.83171861,233,46,14.63736353,0.963002072,7.998791298,9.801329516,0.132878373,0.877271031,96.22387526,106.2263206,5.286201077,0.783442163,86.15583223,0.770315241,9.932127026
91,CWNU_1342,0.0480666,0.014026488,8.840106094,0.229842758,13.20144589,252,50,21.99384008,7.517262938,6.619519269,6.079844205,0.038795135,0.428592907,74.72550013,230.1461808,4.841523957,0.697841832,19.16637758,2.828078485,7.401006575
91,UBC_524,0.0270298,0.007887664,8.889861721,0.231136405,14.47007329,375,75,8.670871275,0.287906536,7.69467242,5.964980226,0.033782665,0.416504613,111.4474457,230.1461808,4.841523957,0.697841832,19.16637758,2.828078485,8.44965992
92,CWNU_1405,0.0152,0.004435567,6.670245853,0.173426392,15.44829347,209,41,15.07505295,1.174759854,6.900253312,9.312322501,0.408708731,0.812443774,85.68587402,139.6621269,9.306867595,1.611192266,7.227115636,3.602737021,7.938178461
92,CWNU_2232,0.0480666,0.014026488,6.650307523,0.172907996,18.8340743,1197,239,33.89682794,4.288195583,12.40933208,8.888326389,0.387996991,0.757593594,85.19966817,139.6621269,9.306867595,1.611192266,7.227115636,3.602737021,14.21151646
93,CWNU_1421,0.0270298,0.007887664,8.178976947,0.212653401,14.39317569,99,19,12.40626041,1.114445938,6.559992611,13.33917353,0.19557614,1.392835048,88.6928173,93.41814897,4.194220471,0.576089242,11.88806184,6.738999146,8.55201484
93,UBC_1282,0.0152,0.004435567,9.161368002,0.238195568,12.80714875,92,18,6.276465955,0.503753979,6.400002973,12.10044928,0.178021212,1.203395952,106.0053249,93.41814897,4.194220471,0.576089242,11.88806184,6.738999146,8.345175007
95,CWNU_1434,0.0270298,0.007887664,8.699837726,0.226195781,14.04100002,143,28,40.05469545,1.421090073,7.414942998,26.13122248,0.504224214,3.8189669,89.300155,801.1094668,5.642133639,1.079882824,18.46877135,5.81375872,9.18760557
95,Ruprecht_48,0.0270298,0.007887664,8.250420002,0.21451092,14.22326967,2821,564,130.1203596,155.7889792,19.26117012,11.85955245,0.468762249,1.167639433,121.0305615,801.1094668,5.642133639,1.079882824,18.46877135,5.81375872,24.82559506
98,CWNU_1459,0.0270298,0.007887664,9.760422483,0.253770985,12.27141252,603,120,28.5399986,1.853505948,10.84703602,21.04684628,0.523766838,2.760494248,91.3835335,608.4594678,3.384362573,0.531485424,10.80657799,5.312695068,13.11569884
98,UBC_1443,0.0270298,0.007887664,9.409933123,0.244658261,12.81788932,207,41,50.39506676,4.572330227,7.541778733,15.08187156,0.384690409,1.674515453,84.44433238,608.4594678,3.384362573,0.531485424,10.80657799,5.312695068,9.183477698
99,CWNU_1478,0.0152,0.000443557,9.139879086,0.237636856,14.26111685,625,125,9.306509795,0.887125477,8.628869299,6.633324745,0.110654444,0.488430968,73.64129808,506.3774868,5.120306628,0.737329025,16.27240975,3.398893962,9.414499271
99,Teutsch_80,0.0270298,0.007887664,10.08990511,0.262337533,15.89696017,918,183,5.057967742,0.355021188,9.818853557,6.853444627,0.12594307,0.512943659,75.13410273,506.3774868,5.120306628,0.737329025,16.27240975,3.398893962,10.70168928
102,CWNU_1494,0.0480666,0.014026488,8.149219113,0.211879697,11.39655364,138,27,12.12432723,1.27393725,5.302718527,9.022728995,0.075983485,0.774842034,96.00088623,217.9734212,3.716913486,0.531604768,16.59681805,2.499189484,5.84616059
102,HSC_2945,0.0480666,0.014026488,7.800029359,0.202800763,14.75610388,212,42,10.9282497,1.611041683,6.190025272,10.89799746,0.111456043,1.028552245,82.43005212,217.9734212,3.716913486,0.531604768,16.59681805,2.499189484,6.745685385
107,CWNU_1616,0.0480666,0.014026488,6.69019608,0.173945098,15.31270081,114,22,13.65624037,1.04175629,5.105632395,7.875288751,0.105698634,0.631838423,95.99386821,629.2078734,2.580581665,0.410382685,4.347998321,3.687972273,5.598631467
107,UFMG_48,0.0480666,0.014026488,6.620136055,0.172123537,16.09856492,373,74,12.14381508,0.947446293,7.473840431,7.563435505,0.112749147,0.594682235,97.73852962,629.2078734,2.580581665,0.410382685,4.347998321,3.687972273,8.311581656
110,CWNU_1685,0.0085476,0.002494306,7.369215857,0.191599612,11.949889,98,19,10.22146914,0.386133471,5.094711282,7.485042943,0.066148662,0.5854607,83.51662461,78.19851553,5.317622559,0.754214599,17.9328172,2.326741839,5.778308606
110,UFMG_61,0.0270298,0.007887664,8.519827994,0.221515528,12.16869744,159,31,41.3529819,9.088130241,5.990674197,6.938995706,0.053920411,0.522578131,86.48840949,78.19851553,5.317622559,0.754214599,17.9328172,2.326741839,6.791044495
113,CWNU_1718,0.0152,0.004435567,7.029383778,0.182763978,13.34653268,92,18,11.88749559,0.468874056,6.093185346,9.487553614,0.191173376,0.835483096,79.32877017,241.1755712,3.293216895,0.496419749,40.98051722,2.696705145,7.81736869
113,UBC_68,0.0480666,0.014026488,8.42975228,0.219173559,12.34828236,212,42,11.54906704,0.559440953,8.137092655,9.486123355,0.120967204,0.835294179,104.3969929,241.1755712,3.293216895,0.496419749,40.98051722,2.696705145,10.3257899
115,CWNU_1773,0.0480666,0.014026488,7.780317312,0.20228825,14.33011377,101,20,70.62998964,74.75621677,6.317017465,10.79051986,0.254015087,1.013374228,100.7525179,385.6236091,2.961179053,0.463694751,10.89822591,6.455989653,7.919201852
115,Theia_5736,0.0480666,0.014026488,8.041392685,0.20907621,11.52627983,292,58,67.01952918,18.72653851,8.862203153,14.99973932,0.244750543,1.660855581,93.50057898,385.6236091,2.961179053,0.463694751,10.89822591,6.455989653,11.28167097
116,CWNU_1787,0.0270298,0.007887664,8.269512944,0.215007337,13.86059933,103,20,133.1768887,64.97149055,6.488123145,7.558533534,0.196924067,0.594104195,84.26646933,441.8068095,2.748842526,0.429272469,9.674758419,8.469143475,8.083589803
116,HSC_1538,0.0480666,0.014026488,6.699837726,0.174195781,16.1483474,285,57,36.26191823,1.116694863,8.858285603,8.563855357,0.15860914,0.716490256,76.21239144,441.8068095,2.748842526,0.429272469,9.674758419,8.469143475,11.34862764
117,CWNU_1791,0.0270298,0.007887664,8.550228353,0.222305937,13.88302767,121,24,12.66311714,0.992177107,6.948786436,7.724634561,0.16699259,0.613794818,87.48228613,364.7332307,3.121314716,0.475773888,6.72431161,4.388887068,8.862628779
117,UBC_214,0.0270298,0.007887664,8.42975228,0.219173559,13.41019622,292,58,15.01815068,0.737959602,9.174328514,10.76255317,0.177224335,1.009437113,97.68063474,364.7332307,3.121314716,0.475773888,6.72431161,4.388887068,11.88778901
118,CWNU_1813,0.0270298,0.007887664,8.620136055,0.224123537,14.87039256,688,137,6.982156126,0.358032799,9.471110889,14.21507542,0.130639689,1.532251501,110.4660031,795.3277031,4.528937342,0.663972167,13.78645436,4.297078519,10.42035854
118,Czernik_40,0.0480666,0.014026488,8.889861721,0.231136405,14.18167205,1208,241,12.78820627,0.634812828,11.38594211,15.38759748,0.153876301,1.725688992,120.2482209,795.3277031,4.528937342,0.663972167,13.78645436,4.297078519,12.57117852
122,CWNU_2012,0.0480666,0.014026488,8.790285164,0.228547414,14.82415499,1027,205,101.9633431,5.474780844,16.88105723,7.635843829,0.245829682,0.6032424,52.42710936,251.5306549,6.62988971,1.093652647,32.15963528,11.65193405,21.31362448
122,Patchick_90,0.0480666,0.014026488,8.959994838,0.232959866,15.13952325,258,51,8.157507863,0.314620778,9.934136987,11.23547325,0.265232927,1.076696641,132.813147,251.5306549,6.62988971,1.093652647,32.15963528,11.65193405,13.44414017
126,CWNU_2151,0.0480666,0.014026488,8.710117365,0.226463051,14.44846188,144,28,35.33109693,4.051652188,7.059663325,36.74324495,0.467015047,6.36755295,91.82957219,754.3104208,1.954778486,0.276118945,23.5269614,4.155351714,8.590749257
126,UBC_1157,0.0270298,0.007887664,8.620136055,0.224123537,13.36646996,191,38,28.81471599,5.828666476,7.42222622,18.74785993,0.437068577,2.320779359,94.1632536,754.3104208,1.954778486,0.276118945,23.5269614,4.155351714,9.438901983
130,CWNU_2304,0.0480666,0.014026488,8.740362689,0.22724943,14.48740023,981,196,33.8213829,17.9200729,11.78094079,9.194270207,0.357327859,0.797043817,111.6461764,548.5488362,4.68604624,0.714525033,21.73647104,4.868813492,13.44814622
130,CWNU_2554,0.0152,0.004435567,8.820201459,0.229325238,13.19536062,419,83,18.6109969,0.94499474,8.633901208,6.33258826,0.244300875,0.455594193,109.240092,548.5488362,4.68604624,0.714525033,21.73647104,4.868813492,10.12764023
134,CWNU_2404,0.0480666,0.014026488,6.640481437,0.172652517,17.37521924,261,52,31.63885138,1.130841786,7.861159137,15.37254564,0.326607318,1.72315756,94.75710394,354.0462492,3.168073347,0.461736073,5.095319532,2.489799823,9.405110814
134,UBC_1125,0.0152,0.004435567,8.969881644,0.233216923,11.45846413,152,30,8.30453185,0.411642757,6.537317776,14.41614328,0.357483569,1.564876029,72.70517922,354.0462492,3.168073347,0.461736073,5.095319532,2.489799823,7.854091471
135,CWNU_2414,0.0085476,0.002494306,6.609594409,0.171849455,15.45811322,369,73,9.749469693,0.741635312,7.913313631,12.79686826,0.185514942,1.30876554,102.1650904,614.2226084,5.038095535,0.828889413,16.94401692,2.983690266,8.935698791
135,Czernik_41,0.0270298,0.007887664,8.049218023,0.209279669,14.72945592,1443,288,6.021776086,0.337918294,12.46400394,11.90214867,0.143327342,1.173935833,78.22836911,614.2226084,5.038095535,0.828889413,16.94401692,2.983690266,14.07811418
137,CWNU_2477,0.0152,0.000443557,9.209515015,0.23944739,11.25419671,107,21,13.23994092,0.88969967,6.488127327,8.29283264,0.098930861,0.682748342,94.23777465,253.659247,3.66498705,0.563870369,24.34010362,5.006112304,8.19501187
137,NGC_2269,0.0480666,0.014026488,7.800029359,0.202800763,13.67113389,289,57,7.685238894,0.31855753,8.936980438,7.769217421,0.091356747,0.619116268,102.2314038,253.659247,3.66498705,0.563870369,24.34010362,5.006112304,11.41313227
140,CWNU_2574,0.0480666,0.014026488,6.889861721,0.179136405,15.05149839,135,27,5.672851303,0.150211849,5.242710027,9.200163101,0.062184399,0.797810215,101.4148315,323.7575081,6.587693256,1.216299092,9.877264022,3.465458532,5.646346031
140,NGC_6664,0.0480666,0.014026488,6.630427875,0.172391125,15.90601759,1498,299,10.29758487,0.793991745,11.49317324,9.280444764,0.042264256,0.808275637,102.4196959,323.7575081,6.587693256,1.216299092,9.877264022,3.465458532,12.59435818
141,CWNU_2583,0.0480666,0.014026488,6.800029359,0.176800763,15.50469743,160,32,15.86874235,4.547827014,6.710453584,11.39459856,0.141050957,1.099650933,92.1484248,80.12501287,5.988794048,0.839247154,8.989154586,3.782432528,8.093852108
141,CWNU_2613,0.0480666,0.014026488,6.720159303,0.174724142,15.78158241,174,34,15.82342107,1.119138279,6.894999451,11.35584026,0.139127534,1.094045074,91.8311501,80.12501287,5.988794048,0.839247154,8.989154586,3.782432528,8.323908905
142,CWNU_2664,0.0085476,0.002494306,7.359835482,0.191355723,12.89414387,189,37,17.88061914,0.827221792,6.310752296,7.401938115,0.081005425,0.575737447,83.14332276,164.5067824,5.726536949,0.865943585,18.62602832,2.220410897,7.075082921
142,UBC_1522,0.0480666,0.014026488,8.880241776,0.230886286,12.41132131,438,87,9.052679746,1.852693303,8.264908581,6.506281555,0.067103999,0.474466531,99.35365293,164.5067824,5.726536949,0.865943585,18.62602832,2.220410897,9.363412913
145,CWNU_2690,0.0085476,0.002494306,8.250420002,0.21451092,14.77441875,518,103,21.01995899,1.343466626,8.716068986,5.960253393,0.086573121,0.416009634,87.38128113,243.5658185,12.50113917,2.234971493,17.52526809,3.468338941,9.608115234
145,NGC_4815,0.0270298,0.007887664,8.850033258,0.230100865,13.89919189,3906,781,8.685800302,0.911855736,16.71759757,5.988764722,0.039465062,0.418998222,103.2918424,243.5658185,12.50113917,2.234971493,17.52526809,3.468338941,18.84638517
146,CWNU_2708,0.0085476,0.002494306,8.959994838,0.232959866,13.71962863,165,33,9.804297107,1.907876609,5.193575024,11.34421504,0.089681495,1.092365507,91.61068155,436.6332044,2.842390544,0.410627997,7.259580865,2.612904893,5.613050431
146,FSR_0031,0.0480666,0.014026488,10.04139269,0.26107621,17.17823339,245,49,6.208003794,0.33305652,6.176699063,10.08333004,0.103033042,0.915402885,102.5755299,436.6332044,2.842390544,0.410627997,7.259580865,2.612904893,6.403635839
147,CWNU_2716,0.0152,0.004435567,8.980003372,0.233480088,13.84166815,213,42,7.252223615,0.898099357,5.794184757,10.61598305,0.122210515,0.988886909,103.4472897,186.1345568,5.502465725,0.82143623,9.997201629,2.860084202,6.144353825
147,Theia_1976,0.0270298,0.007887664,8.670245853,0.225426392,14.20429074,442,88,8.605292409,0.254934295,7.329536119,10.32747377,0.140244374,0.948849764,103.9295217,186.1345568,5.502465725,0.82143623,9.997201629,2.860084202,7.837340675
153,Casado_14,0.0480666,0.014026488,9.06069784,0.235578144,13.6735088,409,81,30.97807867,2.022332299,10.33486665,60.4541989,0.535188116,13.43835188,98.4078587,207.4955417,5.940330331,0.83696118,15.3266567,5.715393047,13.52526667
153,NGC_133,0.0270298,0.007887664,9.041392685,0.23507621,13.77115941,442,88,7.699651253,0.057349565,10.82859874,28.68806488,0.546797214,4.392969466,90.89654875,207.4955417,5.940330331,0.83696118,15.3266567,5.715393047,13.87988089
157,Collinder_115,0.0270298,0.007887664,7.710117365,0.200463051,12.94357647,3032,606,25.266549,1.74633856,19.28814145,7.588778025,0.096808546,0.597673606,93.48926926,110.8470225,15.7479351,3.004799458,47.86632281,1.720351191,24.33024857
157,UBC_1334,0.0480666,0.014026488,6.6599162,0.173157821,15.79733301,163,32,39.35063818,8.754840498,7.312786497,7.535849991,0.082214702,0.591431798,75.30601578,110.8470225,15.7479351,3.004799458,47.86632281,1.720351191,9.115005331
158,Collinder_367,0.0480666,0.014026488,6.620136055,0.172123537,14.28211721,303,60,23.44410952,25.1560368,7.166803959,8.372754992,0.017613539,0.692642087,97.04014388,72.99635017,6.926228779,1.079581264,10.08653334,3.256542745,7.900414048
158,ESO_522-05,0.0270298,0.007887664,8.439332694,0.21942265,12.86018538,104,20,9.908633624,0.961268971,4.991891593,8.195191115,0.009442361,0.670725676,97.9510477,72.99635017,6.926228779,1.079581264,10.08653334,3.256542745,5.52819609
160,Collinder_419,0.0152,0.004435567,7.100370545,0.184609634,9.467296838,1163,232,15.35845196,8.655376273,12.27547404,9.752326749,0.137867266,0.870700249,92.92190883,54.40308227,14.47046345,2.566836914,8.593466453,6.266871929,14.33663355
160,Dolidze_8,0.0270298,0.007887664,7.519827994,0.195515528,8.654441704,161,30,6.284540337,0.620721881,6.365332777,9.064325902,0.120527284,0.780206512,91.12593964,54.40308227,14.47046345,2.566836914,8.593466453,6.266871929,7.326045939
162,Czernik_6,0.0480666,0.014026488,6.800029359,0.176800763,15.26381117,222,44,6.274312491,0.30836271,8.237000213,16.62807737,0.42797345,1.938515856,83.74050833,456.6759034,3.192602028,0.454633169,26.10536448,4.51542611,10.66952919
162,HSC_1069,0.0085476,0.002494306,7.170261715,0.186426805,22.32591808,319,63,7.532825224,0.398880076,9.533850962,16.66258955,0.445116988,1.944554178,85.94570158,456.6759034,3.192602028,0.454633169,26.10536448,4.51542611,12.03999055
164,Czernik_37,0.0480666,0.000140275,8.959994838,0.232959866,13.96831652,1680,336,3.633289594,0.158855866,11.0052147,11.00688492,0.108004893,1.044005873,80.81976627,117.7276919,12.92554902,2.025480417,14.88403738,2.430434298,11.70950008
164,UFMG_92,0.0480666,0.014026488,8.350248018,0.217106448,12.80963757,606,121,6.582003573,0.302437267,7.92825909,9.907161081,0.107362315,0.891518048,102.5105199,117.7276919,12.92554902,2.025480417,14.88403738,2.430434298,8.331600278
165,Czernik_38,0.0480666,0.014026488,9.008600172,0.234223604,14.14588817,2531,506,6.52962466,0.265233199,13.72915659,10.77110493,0.055094446,1.010640477,108.2347885,860.7779738,5.579097257,0.933346565,12.17279348,4.190863481,14.45045152
165,FSR_0111,0.0480666,0.014026488,8.840106094,0.229842758,13.63771178,583,116,5.954390322,0.562791863,8.039594421,11.07307348,0.086899223,1.053437018,70.74723271,860.7779738,5.579097257,0.933346565,12.17279348,4.190863481,8.858070916
166,Czernik_44,0.0085476,0.002494306,7.940018155,0.206440472,18.44324483,807,161,32.1236869,13.55339614,13.46920515,42.65655096,0.597815932,7.96498402,99.98958989,453.4443422,5.671175125,0.802566512,17.20090972,7.445099979,17.22423099
166,UBC_405,0.0152,0.004435567,8.949877704,0.23269682,13.77995692,888,177,67.82746449,20.43367373,13.73157789,84.75273864,0.572827953,22.30678153,95.37495652,453.4443422,5.671175125,0.802566512,17.20090972,7.445099979,17.78230168
168,DBSB_157,0.0480666,0.014026488,6.599883072,0.17159696,16.18707209,658,131,13.91319619,1.797643011,8.311361132,7.514494399,0.04015814,0.588919522,104.5588003,212.0938343,7.579102942,1.072675366,16.36194374,2.436409084,8.678616372
168,Theia_3669,0.0270298,0.007887664,8.760422483,0.227770985,13.91354286,758,151,9.074208444,0.894847913,8.557742376,7.284788855,0.039598237,0.562123518,91.51859431,212.0938343,7.579102942,1.072675366,16.36194374,2.436409084,9.097765527
170,Dolidze_33,0.0152,0.004435567,6.599883072,0.17159696,15.32103663,373,74,18.66528077,7.120615481,6.749033559,10.11024832,0.064372689,0.919070946,106.7278268,239.4279458,8.241261281,1.364735966,34.72933361,1.950038162,7.147429816
170,Trumpler_35,0.0270298,0.007887664,7.989894564,0.207737259,14.23872888,1517,303,9.283416828,0.25554116,10.91782333,11.53290607,0.092316181,1.119732891,76.41200436,239.4279458,8.241261281,1.364735966,34.72933361,1.950038162,11.40950091
171,Dolidze_42,0.0270298,0.007887664,6.640481437,0.172652517,10.33822084,65,13,11.08413792,2.751247558,4.674257429,9.846820877,0.098065326,0.88338569,93.54666204,94.24017541,3.562374375,0.490799469,20.16745025,1.868734493,5.420797119
171,PHOC_37,0.0270298,0.007887664,7.969881644,0.207216923,11.03991425,74,14,14.18538002,0.558901254,4.848878785,9.588443439,0.082336324,0.848845145,84.90692122,94.24017541,3.562374375,0.490799469,20.16745025,1.868734493,5.660359784
173,ESO_521-38,0.0480666,0.014026488,8.720159303,0.226724142,10.46475138,258,51,16.45115995,1.783629078,6.808753143,8.426937219,0.020876565,0.699376347,86.66192498,177.0703478,5.615644787,0.808477564,11.42656216,1.999192251,7.479400008
173,Theia_1761,0.0270298,0.007887664,8.269512944,0.215007337,12.22177222,391,78,28.51166312,12.05580022,7.710490618,8.449623878,0.017750646,0.702202496,89.04617675,177.0703478,5.615644787,0.808477564,11.42656216,1.999192251,8.59140546
174,FSR_0224,0.0270298,0.007887664,6.6599162,0.173157821,14.06646654,181,36,5.124485448,0.780250687,6.592401593,10.2899364,0.084956585,0.943681277,94.57727546,237.4491705,6.132867039,1.036178547,13.29734275,6.819031828,7.714731486
174,LK_10,0.0152,0.004435567,7.599883072,0.19759696,20.66822599,857,171,5.853467933,0.593134851,11.10226166,9.50942855,0.108360386,0.838374253,94.64597671,237.4491705,6.132867039,1.036178547,13.29734275,6.819031828,12.95567884
175,FSR_0251,0.0085476,0.002494306,6.599883072,0.17159696,15.59957507,140,28,4.658312105,0.438075343,6.099431181,12.01198536,0.236688717,1.190223427,93.1679768,154.1641885,3.931862617,0.553498568,15.50787386,4.911901271,7.213314191
175,UBC_378,0.0270298,0.007887664,9.178976947,0.238653401,11.70175762,137,27,12.12210013,1.236897093,6.114687341,16.72349725,0.232291687,1.955225972,91.67112613,154.1641885,3.931862617,0.553498568,15.50787386,4.911901271,7.161407064
176,FSR_0282,0.0152,0.004435567,8.609594409,0.223849455,17.77301588,2068,413,19.5207001,0.687246612,16.02948686,15.77860006,0.419455207,1.791880343,109.4249259,627.6599237,6.951324485,0.998884278,9.430511785,6.888876981,19.18299175
176,Teutsch_22,0.0480666,0.014026488,8.989894564,0.233737259,14.63489904,1457,291,9.616907679,0.387186515,14.19062499,35.86047185,0.443982987,6.139461815,113.3261605,627.6599237,6.951324485,0.998884278,9.430511785,6.888876981,17.06934405
179,FSR_0443,0.0270298,0.007887664,6.680335513,0.173688723,15.69272147,449,89,13.63308388,0.18371692,10.08448932,11.64753918,0.110532126,1.136468946,88.60639605,281.5741313,6.826353059,1.044665365,24.65667952,4.337792703,12.5634581
179,NGC_7510,0.0480666,0.014026488,6.69019608,0.173945098,18.02058352,1076,215,29.81276558,5.165369736,13.43686044,11.25120617,0.057044556,1.078958963,89.14838235,281.5741313,6.826353059,1.044665365,24.65667952,4.337792703,16.81391991
180,FSR_0498,0.0480666,0.014026488,6.650307523,0.172907996,15.92645875,435,87,16.24445526,1.703378887,10.0464347,18.71881699,0.475919997,2.315388651,86.96958479,567.1468317,7.396313432,1.317832034,25.18213468,5.929705337,12.80863101
180,NGC_103,0.0480666,0.014026488,8.749736316,0.227493144,12.84528852,3171,634,17.65272551,1.245570715,19.8896222,43.73462796,0.478184398,8.268837507,94.24112288,567.1468317,7.396313432,1.317832034,25.18213468,5.929705337,24.83666645
181,FSR_0569,0.0270298,0.007887664,7.06069784,0.183578144,9.614315351,475,95,9.856234918,5.848273772,9.613800057,10.00102555,0.170462915,0.904217917,88.29908621,29.75667434,13.10542856,2.163926571,11.71991755,6.312772487,11.39028253
181,UBC_415,0.0152,0.000443557,7.250420002,0.18851092,10.18361591,119,23,5.251520526,0.242223169,6.05728634,9.902163686,0.17793478,0.89084358,89.59343012,29.75667434,13.10542856,2.163926571,11.71991755,6.312772487,6.937348816
182,FSR_0771,0.0480666,0.014026488,9.220108088,0.23972281,11.36982965,532,106,17.98768923,0.954646128,10.65919043,8.808019094,0.22420247,0.747349372,80.75750843,141.4509722,6.421878424,1.044365276,19.95006924,5.430436434,13.3111652
182,HXHWL_49,0.0480666,0.014026488,8.749736316,0.227493144,10.59416149,146,29,11.63275595,0.6531976,6.887026208,8.74842271,0.198465,0.7397772,91.15122841,141.4509722,6.421878424,1.044365276,19.95006924,5.430436434,8.646522422
183,FSR_0833,0.0152,0.004435567,6.609594409,0.171849455,15.8942313,637,127,49.50608129,3.224694426,13.05261578,9.687048372,0.193319094,0.861972689,63.23575266,261.4716709,5.905964231,0.850584473,25.19914766,7.382853996,18.2015517
183,HSC_1386,0.0270298,0.007887664,8.810232518,0.229066045,16.86937426,423,84,27.33311325,5.971855383,11.89738307,17.38057243,0.261216781,2.071583373,87.42056966,261.4716709,5.905964231,0.850584473,25.19914766,7.382853996,15.8784109
185,FSR_0874,0.0480666,0.014026488,6.670245853,0.173426392,15.30259673,99,19,8.829834145,1.890341742,6.052105877,8.656645356,0.130232598,0.728166578,79.80946432,246.5610413,3.040961418,0.438105522,27.9556272,3.498201839,7.624596685
185,UBC_77,0.0480666,0.014026488,7.100370545,0.184609634,12.51977661,166,33,13.89527976,1.865165149,7.279730181,8.197560804,0.146276357,0.671016614,76.4965427,246.5610413,3.040961418,0.438105522,27.9556272,3.498201839,9.058309737
186,FSR_0923,0.0270298,0.007887664,8.899820502,0.231395333,12.83945806,311,62,6.921141972,0.383931726,8.960679023,10.30228064,0.13342876,0.945379905,102.160199,106.1932715,8.992220987,1.358809774,16.75292019,6.093912532,11.218959
186,FSR_0951,0.0152,0.004435567,8.989894564,0.233737259,11.2365303,687,137,20.58076923,1.056726446,11.66816775,10.1479507,0.125284469,0.92421673,99.66407937,106.1932715,8.992220987,1.358809774,16.75292019,6.093912532,14.62685336
187,FSR_0941,0.0085476,0.002494306,9.021189299,0.234550922,14.73373171,993,198,14.55773256,1.037164935,15.87467987,15.80549627,0.286050166,1.796463956,121.166745,274.2077879,6.935557645,1.023166381,10.06544786,8.483435744,20.75954512
187,UBC_1313,0.0480666,0.014026488,8.699837726,0.226195781,14.13173031,540,108,32.64695031,2.8820289,13.24395854,9.607141679,0.278965571,0.85132933,116.6770625,274.2077879,6.935557645,1.023166381,10.06544786,8.483435744,16.94225875
189,FSR_0968,0.0480666,0.014026488,7.620136055,0.198123537,14.34147406,517,103,46.82123268,66.28897767,11.28492041,7.190735948,0.161692771,0.551272483,79.33835678,304.2304512,5.386696915,0.759263359,16.38585884,8.088052649,14.20250473
189,NGC_2254,0.0270298,0.007887664,8.749736316,0.227493144,13.1884702,509,101,5.838457548,0.138028698,10.98070255,9.495006503,0.145383437,0.836467753,86.46586429,304.2304512,5.386696915,0.759263359,16.38585884,8.088052649,14.12885207
191,FSR_1083,0.0152,0.004435567,9.149219113,0.237879697,13.8100685,740,148,22.68579205,0.885374794,13.85967311,10.15475343,0.246208484,0.925146216,56.14842954,850.7752161,3.59085508,0.515676829,22.2346372,10.65081448,18.85016763
191,Teutsch_13,0.0270298,0.007887664,8.489958479,0.22073892,14.75263172,535,107,34.23172255,6.744204238,13.01285932,10.21261365,0.245069523,0.933064479,42.68805252,850.7752161,3.59085508,0.515676829,22.2346372,10.65081448,16.91823344
192,FSR_1113,0.0480666,0.014026488,9.350248018,0.243106448,13.19593829,300,60,10.93966805,0.65483315,10.18649467,13.62168119,0.326408011,1.437316364,49.73698716,673.216488,2.406145745,0.357297801,27.36655273,6.722932708,13.44019492
192,UBC_1350,0.0480666,0.014026488,8.829946696,0.229578614,13.62605841,153,30,13.40427732,0.774900601,8.124064951,10.83994404,0.253548455,1.020344584,69.98164786,673.216488,2.406145745,0.357297801,27.36655273,6.722932708,10.73810905
194,FSR_1170,0.0085476,0.002494306,8.940018155,0.232440472,12.64674588,583,116,31.21179554,4.932297352,11.21944908,7.834915489,0.109765957,0.626985905,108.8046238,244.6829024,5.200098367,0.825955172,23.51977225,7.419449624,14.3683921
194,UBC_1366,0.0270298,0.007887664,8.650307523,0.224907996,13.28610569,186,37,19.45252895,0.946482148,7.73676986,7.488935206,0.136159058,0.585917423,103.6895232,244.6829024,5.200098367,0.825955172,23.51977225,7.419449624,9.81705241
196,FSR_1178,0.0152,0.000443557,7.089905111,0.184337533,10.26628848,122,24,6.138882295,0.639587366,6.216202804,7.569560209,0.068933056,0.595404722,79.808329,92.79332047,5.497948192,0.788737779,21.22222886,4.512037248,7.575090303
196,Theia_2649,0.0085476,0.002494306,7.810232518,0.203066045,10.08662412,204,40,21.56446772,2.446935959,7.363308771,8.119165718,0.057907504,0.661414043,96.89031592,92.79332047,5.497948192,0.788737779,21.22222886,4.512037248,8.993465401
198,FSR_1209,0.0480666,0.014026488,6.640481437,0.172652517,19.43992683,350,70,9.146849461,0.352694354,10.45032729,5.715398149,0.223827138,0.390639394,49.79146189,739.5906398,2.435788557,0.368658337,22.10255287,7.024231269,13.40288525
198,UBC_1369,0.0480666,0.014026488,6.810232518,0.177066045,15.50023607,160,32,11.01777066,0.258180117,7.760868138,6.33948025,0.213280626,0.456338156,55.39684425,739.5906398,2.435788557,0.368658337,22.10255287,7.024231269,10.32479241
199,FSR_1284,0.0480666,0.014026488,8.699837726,0.226195781,13.20235117,303,60,9.214244422,0.672994846,8.817471075,8.506549221,0.195468585,0.70931057,78.64507508,333.5632872,4.47684015,0.644195814,13.02482593,4.743243823,11.08569871
199,UBC_459,0.0085476,0.002494306,9.041392685,0.23507621,12.30275939,474,94,19.19515664,1.211773377,10.41994406,8.924590472,0.200041444,0.762234756,83.71590101,333.5632872,4.47684015,0.644195814,13.02482593,4.743243823,12.86909061
200,FSR_1342,0.0480666,0.014026488,8.790285164,0.228547414,14.11129434,1511,502,18.85078838,1.826816002,15.57551301,11.6149661,0.356963575,1.13170497,62.93236669,228.9415451,9.367664723,2.132556287,5.243517244,4.008777843,19.47744669
200,Ruprecht_47,0.0152,0.004435567,8.980003372,0.233480088,12.7216537,824,164,15.73360318,1.015724939,12.67129683,15.94039715,0.363572037,1.819512357,104.8305837,228.9415451,9.367664723,2.132556287,5.243517244,4.008777843,15.90982557
201,FSR_1360,0.0152,0.004435567,8.359835482,0.217355723,12.7179661,324,64,6.493403384,0.223468082,8.752095035,10.82846425,0.201835754,1.018724154,102.9031564,383.0600625,7.666879271,1.360175875,8.114807068,4.317495945,10.88783636
201,Haffner_22,0.0480666,0.014026488,9.260071388,0.240761856,11.94684998,2293,458,16.28449108,1.076585476,17.16431704,10.81157196,0.242086816,1.016341285,76.72297246,383.0600625,7.666879271,1.360175875,8.114807068,4.317495945,20.90594679
202,FSR_1361,0.0270298,0.007887664,8.869818208,0.230615273,13.17118613,2005,401,42.38809987,3.057185454,16.11234421,11.88950849,0.293565233,1.172066236,75.58039427,691.0039812,5.319975643,0.950506363,16.34107525,4.440145696,20.18900903
202,UBC_1429,0.0085476,0.002494306,9.071882007,0.235868932,12.45586022,268,53,55.01122658,8.128148469,8.516875795,14.46994303,0.343109037,1.573644162,100.7577416,691.0039812,5.319975643,0.950506363,16.34107525,4.440145696,10.3224336
203,FSR_1424,0.0480666,0.014026488,6.620136055,0.172123537,15.90346384,188,37,6.558665637,0.69872154,7.029624558,7.925603632,0.226594651,0.637903267,80.35657094,163.1135327,4.834004686,0.689295129,22.51450747,3.406277021,8.384320597
203,UBC_1453,0.0270298,0.007887664,6.640481437,0.172652517,15.80329842,255,51,12.54397226,0.550815828,7.71333607,8.073498448,0.234542285,0.655841587,81.24297118,163.1135327,4.834004686,0.689295129,22.51450747,3.406277021,9.281327928
205,FSR_1496,0.0480666,0.014026488,8.740362689,0.22724943,15.10123254,3535,70,12.59106702,0.804416676,18.65759492,15.11818488,0.380841884,1.680566806,86.51625309,572.7635368,7.392543132,0.147941783,15.9628994,5.536390329,22.16267992
205,UBC_650,0.0480666,0.014026488,6.630427875,0.172391125,16.43793766,103,20,7.629691442,0.223210812,5.72172875,8.277631874,0.323446749,0.680871986,80.09761826,572.7635368,7.392543132,0.147941783,15.9628994,5.536390329,6.819538484
208,Gulliver_5,0.0480666,0.014026488,6.899820502,0.179395333,14.52910719,1201,240,61.82852677,16.90464146,12.99083893,9.727516469,0.307567844,0.867379723,81.05503672,188.6519709,8.70894709,1.350095265,10.7235716,3.138502583,15.47120245
208,UBC_1451,0.0270298,0.007887664,6.650307523,0.172907996,15.71912332,462,92,9.509152458,0.142649389,9.367373483,9.056313285,0.271328926,0.779172219,83.29546803,188.6519709,8.70894709,1.350095265,10.7235716,3.138502583,11.24911791
209,Gulliver_12,0.0085476,0.002494306,7.499687083,0.194991864,11.72706547,364,72,11.40561783,1.285889548,8.022019788,6.922768545,0.019555838,0.520746093,82.52109299,136.5793647,6.697267621,0.940357405,15.07551358,2.893535288,9.129906633
209,UBC_285,0.0085476,0.002494306,7.530199698,0.195785192,11.82096179,348,69,42.43807794,100.4673123,7.858019357,6.678990218,0.015770264,0.493483361,81.45022512,136.5793647,6.697267621,0.940357405,15.07551358,2.893535288,8.994041594
211,Gulliver_31,0.0270298,0.007887664,8.840106094,0.229842758,11.28373744,587,117,12.86325184,0.332652255,9.683777323,14.77358499,0.198083968,1.623435899,92.13739232,229.5919258,6.559078663,0.927713062,19.51049186,6.09561775,11.25921005
211,HSC_595,0.0480666,0.014026488,8.860338007,0.230368788,15.75617481,561,112,7.381716093,0.597035531,9.573956839,16.04856059,0.21486873,1.838063167,97.91760606,229.5919258,6.559078663,0.927713062,19.51049186,6.09561775,11.09041811
212,Gulliver_35,0.0270298,0.007887664,8.250420002,0.21451092,12.91942654,236,47,8.73030746,0.663774982,7.207087542,9.221669115,0.171193923,0.800609254,78.74576694,336.9194047,3.290562293,0.465385693,12.82057069,3.025303602,8.335131383
212,UBC_652,0.0270298,0.007887664,6.740362689,0.17524943,12.41423154,188,37,13.11171449,1.46204169,6.609051244,8.098988036,0.198630898,0.658949965,85.08043618,336.9194047,3.290562293,0.465385693,12.82057069,3.025303602,7.726689946
213,Gulliver_49,0.0480666,0.014026488,8.749736316,0.227493144,13.22599352,1245,249,13.00001244,0.81569204,13.41764937,13.38807415,0.262053709,1.400501139,87.16175531,386.7304249,5.742091815,0.985435124,8.228970279,5.24499276,16.48516698
213,HSC_896,0.0480666,0.014026488,8.829946696,0.229578614,12.74597378,237,47,28.39029834,9.572965814,7.829453438,21.74188365,0.296786773,2.898358176,89.59886752,386.7304249,5.742091815,0.985435124,8.228970279,5.24499276,9.482749896
214,HSC_175,0.0270298,0.007887664,7.281033367,0.189306868,12.68714771,385,77,11.09400224,4.815584952,7.525190007,8.684255709,0.012916835,0.731653084,96.67918789,40.72713685,12.92696291,1.831020171,6.72433947,0.965637694,8.145739667
214,OC_0024,0.0480666,0.014026488,6.69019608,0.173945098,15.40896339,406,81,23.59751813,6.387947953,7.644730555,8.545675607,0.008505596,0.714209969,99.44683809,40.72713685,12.92696291,1.831020171,6.72433947,0.965637694,8.294180865
215,HSC_187,0.0480666,0.014026488,6.630427875,0.172391125,14.87089778,194,38,8.158630898,1.787354707,5.979679176,9.174533009,0.065834383,0.794478693,99.94996285,27.58708164,19.11066362,3.254068085,14.34605426,5.456286381,6.136751817
215,HXHWL_66,0.0480666,0.014026488,6.899820502,0.179395333,13.33730666,977,195,25.1871556,13.81885762,10.21292758,9.500691265,0.093381887,0.837219068,100.2729484,27.58708164,19.11066362,3.254068085,14.34605426,5.456286381,10.95381483
216,HSC_227,0.0480666,0.014026488,6.599883072,0.17159696,15.38496374,243,48,22.22266178,2.039595099,6.247236807,9.101992466,0.029948644,0.785074752,101.6769746,131.8716067,5.057286827,0.725373262,14.44385812,3.434237114,6.701060471
216,UBC_1033,0.0480666,0.014026488,8.699837726,0.226195781,13.65143521,149,29,10.41516087,2.5149555,5.302771034,9.684973492,0.041302736,0.861695763,82.16105746,131.8716067,5.057286827,0.725373262,14.44385812,3.434237114,5.69274156
218,HSC_339,0.0085476,0.002494306,8.11058971,0.210875332,18.51612827,821,164,7.643260931,0.376510465,9.168329317,11.64119337,0.056866801,1.135540316,78.92074952,409.3069789,6.651991355,0.96327912,10.73237761,4.139471274,9.72653687
218,UBC_1049,0.0152,0.004435567,8.680335513,0.225688723,13.71968362,1284,256,23.01066033,2.189389185,10.30118314,10.23884236,0.075351537,0.936661324,71.00013236,409.3069789,6.651991355,0.96327912,10.73237761,4.139471274,11.29018628
220,HSC_573,0.0480666,0.014026488,8.740362689,0.22724943,13.77640154,323,64,27.12861563,4.55511917,7.877105238,11.76827981,0.141751792,1.154185947,85.32736591,55.31472622,13.93275852,2.192245135,8.589888026,4.865360797,9.02590951
220,OC_0106,0.0152,0.004435567,9.06069784,0.235578144,14.74204479,925,185,8.09407865,0.70605985,11.2261985,10.06651356,0.1489594,0.913113845,82.07508915,55.31472622,13.93275852,2.192245135,8.589888026,4.865360797,12.90228132
221,HSC_584,0.0152,0.004435567,9.51054501,0.24727417,13.23587236,123,24,4.93530989,0.22417613,5.732209268,12.15014258,0.290149727,1.210816594,101.8404165,421.7086861,2.769732647,0.409669919,6.020017194,1.394426279,6.621851377
221,Skiff_J1942+38.6,0.0480666,0.014026488,9.380211242,0.243885492,11.77490792,253,50,5.449225164,0.359025141,7.262544385,10.61651088,0.230585805,0.988960661,102.7938792,421.7086861,2.769732647,0.409669919,6.020017194,1.394426279,8.42142861
222,HSC_602,0.0480666,0.014026488,6.840106094,0.177842758,15.35940961,1074,214,87.92124331,73.67183095,12.08956645,16.80949573,0.355694031,1.9703271,101.7278942,151.8315898,8.8527912,1.429073156,19.12876792,0.230058438,14.12774833
222,UBC_1100,0.0480666,0.014026488,8.720159303,0.226724142,14.11756718,309,61,21.20890261,0.860507983,7.966104877,21.44593545,0.291024394,2.839381804,83.51182625,151.8315898,8.8527912,1.429073156,19.12876792,0.230058438,9.322783727
223,HSC_611,0.0480666,0.014026488,6.609594409,0.171849455,15.94496334,167,33,30.04271497,16.74888791,6.408761816,12.17620493,0.216856804,1.21471453,94.89147247,110.5054276,11.17881875,2.02039092,6.311297897,3.538866336,7.423487053
223,IC_4996,0.0480666,0.014026488,6.899820502,0.179395333,14.004634,1438,287,11.49717678,0.827199407,13.05280377,11.84868353,0.217277984,1.166034642,96.24280531,110.5054276,11.17881875,2.02039092,6.311297897,3.538866336,15.24123114
224,HSC_627,0.0480666,0.014026488,7.880241776,0.204886286,21.79886559,103,20,4.822612777,0.181834295,5.484724157,11.36138501,0.156718279,1.094846461,89.99983775,50.35942674,4.942854547,0.746694924,16.07792297,5.086553786,6.428677833
224,UPK_118,0.0480666,0.014026488,6.92992956,0.180178169,10.2123251,40,8,9.417017652,1.067935402,4.010136541,9.98706685,0.151004788,0.902325516,91.91449172,50.35942674,4.942854547,0.746694924,16.07792297,5.086553786,4.685825244
225,HSC_643,0.0085476,0.002494306,7.920123326,0.205923206,20.45052392,221,44,8.704350468,0.608496401,7.258671958,16.58828365,0.324353276,1.931561241,85.12465053,498.4908045,3.075472899,0.441651144,13.20279202,6.129406471,8.530865047
225,UBC_376,0.0480666,0.014026488,6.840106094,0.177842758,15.12997596,327,65,8.903588104,1.902841852,8.218039819,13.89674884,0.2854047,1.48107181,94.96987751,498.4908045,3.075472899,0.441651144,13.20279202,6.129406471,9.72102978
226,HSC_764,0.0480666,0.014026488,7.170261715,0.186426805,12.32727926,294,58,95.56297544,461.1926571,7.916077017,9.668982457,0.141186195,0.859562502,90.98981594,69.50843114,16.18795121,2.829316542,5.11646599,5.805988031,9.321654021
226,IC_1396,0.0085476,0.002494306,7.330413773,0.190590758,9.6034793,1823,364,12.08526829,8.848709157,14.62540546,9.480020896,0.140350239,0.834488286,91.14097372,69.50843114,16.18795121,2.829316542,5.11646599,5.805988031,17.29852204
227,HSC_837,0.0480666,0.014026488,6.630427875,0.172391125,17.966782,301,60,23.00746582,0.789466803,8.833445226,18.04929463,0.412995161,2.192283193,90.14891498,663.2247434,2.569678151,0.367818991,18.78962488,4.110623122,10.7929932
227,UBC_1171,0.0270298,0.007887664,8.220108088,0.21372281,13.17017459,208,41,59.36347138,19.22227115,7.607163545,33.02774944,0.397518566,5.426562069,84.05098253,663.2247434,2.569678151,0.367818991,18.78962488,4.110623122,9.542022986
229,HSC_893,0.0152,0.004435567,8.810232518,0.229066045,13.30772174,92,18,9.125109226,1.439315968,5.836756293,16.62863334,0.19682457,1.938613082,88.40860525,315.1074434,2.774887777,0.414910623,76.33350569,0.574061313,7.262052631
229,UBC_1190,0.0480666,0.014026488,6.790285164,0.176547414,15.23152699,190,38,19.52739363,2.460021671,7.522346007,18.18376588,0.474258713,2.216828262,88.02243061,315.1074434,2.774887777,0.414910623,76.33350569,0.574061313,9.248085946
233,HSC_1203,0.0085476,0.002494306,6.599883072,0.17159696,15.6494749,262,52,33.21563085,16.31192102,9.744316012,14.72778091,0.328409005,1.615891795,71.88651493,2423.329699,1.446110888,0.204886836,25.84287717,5.029071543,14.05994133
233,HSC_1242,0.0085476,0.002494306,8.740362689,0.22724943,15.79108212,327,65,15.57524688,0.996888754,11.73322185,41.33753536,0.481428015,7.598417843,105.2456513,2423.329699,1.446110888,0.204886836,25.84287717,5.029071543,1210.473689
234,HSC_1248,0.0085476,0.002494306,7.540329475,0.196048566,11.31098626,139,27,9.926015228,3.983895802,6.84773691,9.568412159,0.236494497,0.846186543,93.63231919,236.1209765,3.76009466,0.543596706,20.21053319,5.959808701,8.507051293
234,Teutsch_56,0.0085476,0.002494306,8.770115295,0.228022998,12.38226486,249,49,6.758713106,0.302521834,8.190644963,13.62990263,0.229397618,1.438617811,97.03907758,236.1209765,3.76009466,0.543596706,20.21053319,5.959808701,10.33201551
236,HSC_1728,0.0270298,0.007887664,8.469822016,0.220215372,14.69803832,959,191,35.17122695,4.44009863,17.30362455,7.265686854,0.321438839,0.559913988,24.70704252,768.2383614,4.254248793,0.611304798,26.52143906,11.00548622,24.21621226
236,HSC_1731,0.0152,0.000443557,8.889861721,0.231136405,16.06154232,657,131,27.15281433,0.78293913,17.42716187,25.9902056,0.33272499,3.788095119,103.0457726,768.2383614,4.254248793,0.611304798,26.52143906,11.00548622,21.34775421
237,HSC_1750,0.0270298,0.007887664,8.749736316,0.227493144,13.94912212,204,40,22.15174966,2.993872321,8.183777331,6.800026153,0.170693015,0.50695823,112.5573324,424.2597205,6.45093964,1.171674706,27.73389237,8.03481954,10.28883187
237,NGC_2309,0.0270298,0.007887664,8.670245853,0.225426392,13.15575909,1848,369,12.76092105,1.041193483,16.70737587,6.786773134,0.144453391,0.505476886,72.16452193,424.2597205,6.45093964,1.171674706,27.73389237,8.03481954,21.44985481
239,HSC_1867,0.0480666,0.014026488,7.450249108,0.193706477,10.61090446,48,9,8.439782493,1.963518739,4.503173266,7.779564583,0.107371231,0.620353503,82.66356522,170.689694,2.322407577,0.309168013,13.19062327,2.818377017,5.491185506
239,HXHWL_17,0.0085476,0.002494306,8.120573931,0.211134922,10.83659134,59,11,10.59516713,1.31375201,4.857245631,9.063570322,0.104765586,0.78010896,84.9958044,170.689694,2.322407577,0.309168013,13.19062327,2.818377017,5.882184709
242,HSC_2090,0.0270298,0.007887664,7.759667845,0.201751364,20.67703309,175,35,10.80906288,0.634226298,7.371897093,17.12206903,0.426723437,2.025539275,82.8656611,130.2163889,8.690414522,1.496906211,20.56374052,5.421498478,9.043720982
242,Ruprecht_66,0.0152,0.004435567,9.178976947,0.238653401,13.99378127,968,193,10.37831984,0.539603017,13.03679694,14.56746126,0.374076928,1.589578979,98.84526668,130.2163889,8.690414522,1.496906211,20.56374052,5.421498478,16.0117982
244,HSC_2304,0.0270298,0.007887664,7.670245853,0.199426392,10.68757914,207,41,27.91156178,2.179538015,6.89534524,8.576390997,0.071482898,0.718064012,86.91874165,88.83905346,19.88312944,3.797604916,8.866298216,3.454145778,7.968869405
244,NGC_3114,0.0152,0.004435567,7.829946696,0.203578614,10.62784822,3875,775,21.04607832,1.635181307,18.29647144,8.704847369,0.066864665,0.734256913,93.11852953,88.83905346,19.88312944,3.797604916,8.866298216,3.454145778,21.36728026
245,HSC_2315,0.0085476,0.002494306,6.92992956,0.180178169,13.44694432,359,71,329.8257448,1309.678609,8.287040845,7.827653485,0.195583478,0.626114398,81.60515835,109.6868263,6.104073724,0.962069653,19.738759,0.825670007,9.640219352
245,HSC_2324,0.0270298,0.007887664,6.800029359,0.176800763,13.99066003,116,23,11.18846872,2.297879598,5.669746685,7.882099767,0.206172161,0.632658277,83.77035949,109.6868263,6.104073724,0.962069653,19.738759,0.825670007,6.613001295
246,HSC_2330,0.0270298,0.007887664,8.230448921,0.213991672,13.40774106,290,58,7.666433331,0.436643682,7.757930787,10.02788108,0.296831668,0.907862475,78.2677315,1151.259362,3.024505108,0.482975114,19.07973725,3.955948733,9.079990512
246,Trumpler_13,0.0152,0.000443557,8.620136055,0.224123537,13.71815752,934,186,6.939455293,0.150093473,11.66348754,20.62174604,0.484754187,2.677284071,96.08602917,1151.259362,3.024505108,0.482975114,19.07973725,3.955948733,13.40917337
248,HSC_2374,0.0480666,0.014026488,8.699837726,0.226195781,13.32768413,133,26,8.722635733,1.259204969,5.846307409,9.277543834,0.144014984,0.807896684,99.2399666,44.96809822,9.007014642,1.354054239,6.889484866,0.852119797,6.71371666
248,Trumpler_15,0.0480666,0.014026488,6.620136055,0.172123537,14.54451208,291,58,4.293929867,0.32106447,7.601495424,7.20411236,0.147117288,0.552811437,88.25832417,44.96809822,9.007014642,1.354054239,6.889484866,0.852119797,8.743226144
249,HSC_2540,0.0085476,0.002494306,7.910090546,0.205662354,12.17173322,177,35,12.60241236,1.844713699,6.162883638,6.604121068,0.045016449,0.485208994,97.3957382,64.43491811,21.91287705,4.248310449,6.871164163,1.823657828,6.820412538
249,NGC_4755,0.0085476,0.002494306,7.220108088,0.18772281,12.47533896,3419,693,7.182082471,0.416356907,16.52574041,7.09924843,0.040527193,0.540785283,86.85897059,64.43491811,21.91287705,4.248310449,6.871164163,1.823657828,18.61734222
250,HSC_2607,0.0480666,0.014026488,8.699837726,0.226195781,14.61562605,407,81,12.93641743,0.450854612,7.768877978,7.460447298,0.125515049,0.58257736,79.73255584,216.3675989,7.674173565,1.189245604,7.199440467,1.635959049,8.540870077
250,NGC_5168,0.0270298,0.007887664,8.920123326,0.231923206,13.25795845,1074,214,6.627547891,0.410572542,10.7108512,6.855981347,0.110421251,0.513228475,73.82979704,216.3675989,7.674173565,1.189245604,7.199440467,1.635959049,11.80327773
251,HSC_2646,0.0085476,0.002494306,8.170261715,0.212426805,10.98879497,97,19,70.11079573,699.5449166,5.105143551,7.353655345,0.003783662,0.570113349,85.6792085,81.8619045,6.524343083,1.032480977,16.32265617,2.625629385,5.79286971
251,HXHWL_13,0.0480666,0.014026488,8,0.208,11.61946313,308,61,30.25868181,11.29495065,7.504252238,7.345993148,0.010109751,0.56922253,93.82094999,81.8619045,6.524343083,1.032480977,16.32265617,2.625629385,8.519152376
253,HSC_2785,0.0270298,0.007887664,6.770115295,0.176022998,12.57337418,578,115,4.122948673,0.143057468,9.01921117,8.853207786,0.128868581,0.753108048,95.3593416,15.21856361,42.41441257,7.123975959,6.212494746,8.501380965,5.477524237
253,NGC_6193,0.0270298,0.007887664,6.940018155,0.180440472,10.45691424,2604,520,19.0918253,7.448835709,14.87220712,8.866150839,0.128941247,0.754760175,94.7492581,15.21856361,42.41441257,7.123975959,6.212494746,8.501380965,10.12170324
255,HSC_2870,0.0480666,0.014026488,6.620136055,0.172123537,15.95002096,267,53,15.36538385,0.829096028,6.130294312,8.490707009,0.075694727,0.707330011,103.1301499,230.4533337,7.822546982,1.336864774,58.49790133,0.789737015,6.323295425
255,UBC_558,0.0480666,0.014026488,8.829946696,0.229578614,13.61785019,1372,274,10.63744137,0.445268758,10.28053019,8.57076255,0.068420741,0.71735726,78.93657753,230.4533337,7.822546982,1.336864774,58.49790133,0.789737015,10.91231022
256,HSC_2902,0.0480666,0.014026488,6.69019608,0.173945098,15.88539305,170,34,14.30862721,0.388211036,5.801738025,8.717000762,0.090956792,0.735795164,99.0417103,252.0613233,3.216017543,0.455438748,11.54556338,3.530170102,6.258678688
256,HSC_2935,0.0480666,0.014026488,6.640481437,0.172652517,15.56249196,133,26,8.593123362,0.46291185,5.200708519,8.997943918,0.106926022,0.771651538,100.7637941,252.0613233,3.216017543,0.455438748,11.54556338,3.530170102,5.766990569
257,HSC_2978,0.0270298,0.007887664,8.760422483,0.227770985,12.43845016,268,53,7.539523056,0.13764712,5.915546864,8.562034183,0.01929662,0.716261716,99.95285642,298.9711402,4.966220267,0.746432702,9.558365737,1.949323552,6.060980218
257,UFMG_93,0.0480666,0.014026488,8.780317312,0.22828825,14.33252882,589,117,8.418528747,0.339800811,7.43780898,8.327995867,0.04894885,0.687095421,89.42554292,298.9711402,4.966220267,0.746432702,9.558365737,1.949323552,7.880237796
258,HXHWL_8,0.0270298,0.007887664,7.969881644,0.207216923,11.71035691,401,80,179.5900672,152.611258,8.724060158,11.54713266,0.16387506,1.121805426,91.73511039,65.66747748,12.64832062,1.89555304,7.099842424,0.998825203,10.17390998
258,NGC_7024,0.0270298,0.007887664,8.499687083,0.220991864,12.22623212,820,164,20.4582141,2.260535952,11.01879503,11.89252916,0.142161812,1.17251293,91.22368116,65.66747748,12.64832062,1.89555304,7.099842424,0.998825203,12.9535491
259,HXHWL_30,0.0270298,0.007887664,8.489958479,0.22073892,11.35650656,176,35,13.51074638,0.81804001,6.120247377,10.78099189,0.083993673,1.01203232,96.65244062,125.0699572,5.368843093,0.763118656,12.32976666,3.004048653,6.873929685
259,Theia_984,0.0270298,0.007887664,8.540329475,0.222048566,11.63731614,243,48,9.977401616,0.087995435,6.800135534,9.815219344,0.082390398,0.879136511,91.25138749,125.0699572,5.368843093,0.763118656,12.32976666,3.004048653,7.654597383
262,Haffner_14,0.0480666,0.014026488,8.780317312,0.22828825,14.20479003,4944,988,26.45994483,1.866064327,23.51999998,7.057412292,0.298486911,0.536012031,101.439304,1437.165225,6.109142421,1.004075165,23.29848207,7.47926986,31.31370139
262,Ruprecht_42,0.0270298,0.007887664,9.100370545,0.236609634,13.94127469,1290,258,25.22674145,2.945102045,16.37740603,10.85180754,0.52775228,1.022020077,129.0745647,1437.165225,6.109142421,1.004075165,23.29848207,7.47926986,20.0094847
265,IC_1369,0.0152,0.004435567,8.899820502,0.231395333,13.60654274,2055,411,10.22595124,0.853793842,15.90877275,22.95236414,0.442895611,3.143745937,98.90883331,334.9301586,16.16104669,2.668862019,12.45294035,7.772227586,18.834474
265,NGC_7044,0.0152,0.004435567,9.178976947,0.238653401,13.93873669,8112,1622,15.08746218,0.409580088,24.54090529,19.24780724,0.465847105,2.414227508,68.48283123,334.9301586,16.16104669,2.668862019,12.45294035,7.772227586,29.77749242
267,IC_1805,0.0480666,0.014026488,6.840106094,0.177842758,13.89755505,1374,274,26.24651122,9.259587227,14.59369676,11.17406192,0.192222271,1.067881132,83.94210526,96.08196622,15.31429502,2.170385722,18.66984056,5.821442982,18.31693957
267,IC_1848,0.0480666,0.014026488,6.630427875,0.172391125,15.75367614,1245,249,8.27498344,0.933916237,14.26073223,11.7397808,0.221807987,1.149995882,82.96626058,96.08196622,15.31429502,2.170385722,18.66984056,5.821442982,17.71550158
269,King_10,0.0480666,0.014026488,8.710117365,0.226463051,14.07558325,4680,936,13.12737893,0.631644948,22.17321137,23.16072296,0.550390684,3.186650767,99.42282903,1261.328573,5.880849477,1.094203882,18.95379319,7.166411701,28.63516385
269,UBC_1169,0.0270298,0.007887664,8.989894564,0.233737259,14.68255289,390,78,19.0619333,0.838422175,10.20131593,92.01198171,0.598292588,25.23323194,95.04448222,1261.328573,5.880849477,1.094203882,18.95379319,7.166411701,12.50746925
270,Kronberger_53,0.0270298,0.007887664,8.840106094,0.229842758,13.61610032,2760,552,14.61171855,0.95801844,16.19496832,24.09756605,0.328929025,3.381941351,96.57905031,647.1811143,6.62059096,1.133242528,10.73748417,3.77565404,18.29121529
270,UBC_363,0.0480666,0.014026488,6.640481437,0.172652517,19.0256337,537,107,14.28664974,0.768097703,9.263064895,15.85004453,0.287915786,1.804064385,103.058666,647.1811143,6.62059096,1.133242528,10.73748417,3.77565404,10.59885433
272,LP_282,0.0480666,0.014026488,7.309630167,0.190050384,17.59030795,608,121,5.524050583,0.295305886,7.790069852,12.59652569,0.27044475,1.278151894,107.8746587,41.4365932,24.51361965,4.017920155,7.952913585,2.245833004,7.961238942
272,NGC_6404,0.0270298,0.007887664,8.260071388,0.214761856,14.42740193,2286,457,10.1106969,0.74223685,12.08469853,14.46275737,0.273822659,1.572472119,72.19256699,41.4365932,24.51361965,4.017920155,7.952913585,2.245833004,12.58882083
273,LP_403,0.0480666,0.014026488,6.889861721,0.179136405,14.709747,952,190,7.486720834,0.257711618,11.31235503,7.572825311,0.167063066,0.595790002,84.07858152,204.3963093,12.67744217,2.010815645,16.22104244,2.728308738,12.98421264
273,NGC_3496,0.0480666,0.014026488,8.800029359,0.228800763,12.39090317,2866,573,10.38519798,0.753549859,16.1799667,8.764658234,0.144597363,0.741837498,83.55026878,204.3963093,12.67744217,2.010815645,16.22104244,2.728308738,18.75525458
275,LP_947,0.0480666,0.014026488,9.359835482,0.243355723,12.84202092,785,157,13.22535982,0.539956141,12.15775453,10.02837846,0.26032118,0.90793002,95.6016458,350.0062034,6.094590946,0.864189275,6.228958315,4.488431024,15.07985326
275,NGC_2587,0.0480666,0.014026488,8.699837726,0.226195781,13.34380122,726,145,28.02577521,3.612016627,11.79117406,7.579430884,0.311284822,0.59656971,113.378621,350.0062034,6.094590946,0.864189275,6.228958315,4.488431024,14.69211392
276,LP_1182,0.0270298,0.007887664,7.720159303,0.200724142,14.1745711,908,181,18.07135765,0.588601226,10.03097962,7.751665508,0.036514951,0.617019429,81.32249291,448.0470038,4.830327209,0.76171725,5.342064632,3.376420544,10.63647514
276,UBC_1542,0.0480666,0.014026488,8.42975228,0.219173559,14.06227659,307,61,10.94304529,0.823980852,6.699018733,7.385819145,0.051867008,0.573857823,100.0456632,448.0470038,4.830327209,0.76171725,5.342064632,3.376420544,7.409904735
278,Moffat_1,0.0480666,0.014026488,6.670245853,0.173426392,15.69224961,546,109,21.33758293,14.94907341,8.161072944,8.548828441,0.159773498,0.714605255,100.7250521,276.1040168,7.030163572,1.043795335,11.4969378,2.822347145,8.630654774
278,Ruprecht_176,0.0270298,0.007887664,8.889861721,0.231136405,12.9486538,1040,208,7.343696343,0.061637236,9.833534567,7.691766068,0.141532976,0.609881422,107.4459862,276.1040168,7.030163572,1.043795335,11.4969378,2.822347145,10.69873082
280,NGC_1931,0.0480666,0.014026488,6.630427875,0.172391125,15.83623451,4787,957,49.91770222,12.7573276,22.89411356,10.07496146,0.210728714,0.914263524,77.64716944,289.1274202,12.42047076,2.310717384,8.614832837,6.849084793,29.05596235
280,UBC_198,0.0480666,0.014026488,7.609594409,0.197849455,13.36166735,397,79,40.46825041,18.21443021,9.868420898,9.475129512,0.202718104,0.833842516,96.01552107,289.1274202,12.42047076,2.310717384,8.614832837,6.849084793,12.662676
281,NGC_1960,0.0270298,0.007887664,7.369215857,0.191599612,11.36226896,1123,224,7.817609085,0.217223756,13.28915996,8.449459077,0.125376269,0.702181953,87.37184928,217.1447261,7.037696992,1.27421762,12.04915995,5.056902826,16.44939433
281,Theia_3747,0.0085476,0.002494306,8.840106094,0.229842758,10.8809399,127,25,8.253225512,0.301023552,6.431867426,9.29158657,0.108529741,0.809731658,84.99387948,217.1447261,7.037696992,1.27421762,12.04915995,5.056902826,7.95257027
282,NGC_2099,0.0270298,0.007887664,8.550228353,0.222305937,11.77165689,5304,1060,11.31988982,0.897434751,22.73534809,8.266882463,0.211168035,0.679546136,99.76769972,288.7665468,12.97480935,2.450311998,18.76603946,6.128696991,28.22161268
282,OC_0289,0.0085476,0.002494306,9.071882007,0.235868932,11.64127572,346,69,25.77228546,2.68653744,9.081799379,10.0387067,0.226829681,0.909332999,86.28491321,288.7665468,12.97480935,2.450311998,18.76603946,6.128696991,11.35376176
283,NGC_2311,0.0270298,0.007887664,7.380211242,0.191885492,11.97515635,201,40,5.087929759,0.198736262,7.813774532,7.486804142,0.105434431,0.585667347,74.4483152,180.6424632,3.873428597,0.56283762,21.05988807,3.506923363,9.85331798
283,OC_0369,0.0480666,0.014026488,6.670245853,0.173426392,16.40714467,114,22,6.141815994,0.17790262,6.500540776,7.392513098,0.126350396,0.574638152,72.31356597,180.6424632,3.873428597,0.56283762,21.05988807,3.506923363,8.155752893
286,NGC_2567,0.0270298,0.007887664,8.760422483,0.227770985,11.48775605,1021,204,13.21615283,1.225524635,12.53375923,10.46818102,0.14994053,0.968307151,87.87260525,284.196611,5.96430284,1.050725835,12.83746964,4.709066364,15.25522889
286,UBC_475,0.0085476,0.002494306,8.139879086,0.211636856,11.66598692,154,30,17.71093043,0.787752991,6.707125839,7.842632104,0.161691689,0.627912411,86.32614945,284.196611,5.96430284,1.050725835,12.83746964,4.709066364,8.119780529
287,NGC_2659,0.0480666,0.014026488,8.699837726,0.226195781,12.49709344,400,80,6.881772061,0.368735315,8.996794256,9.092609659,0.216724911,0.783861121,84.82080215,330.8903122,3.573130853,0.59884094,5.019098772,2.822425166,10.65308717
287,Theia_3337,0.0480666,0.014026488,7.320146286,0.190323803,11.88169481,91,18,6.54492995,0.116160465,5.405660408,9.336187205,0.199698741,0.81556885,79.5777695,330.8903122,3.573130853,0.59884094,5.019098772,2.822425166,6.50321785
288,NGC_2972,0.0270298,0.007887664,8.42975228,0.219173559,13.21680443,558,111,6.944822291,0.712769384,9.772819136,6.889961063,0.115619754,0.517048705,85.13742027,123.9631014,8.051511588,1.157816874,12.97813594,5.04574896,11.56765218
288,UBC_1456,0.0480666,0.014026488,6.620136055,0.172123537,16.0083398,376,75,12.00467081,0.343993896,8.615570087,7.279469513,0.120864884,0.561507938,84.77075237,123.9631014,8.051511588,1.157816874,12.97813594,5.04574896,10.13940968
290,NGC_5269,0.0152,0.004435567,8.399673721,0.218391517,12.48721557,676,135,6.213842432,0.427758076,9.482517309,7.72931417,0.124164695,0.61435266,79.819751,326.1434145,4.579620159,0.791841679,5.027341112,1.92984095,10.61144589
290,Theia_2166,0.0480666,0.014026488,8.949877704,0.23269682,11.98715719,119,23,8.313578488,3.368778273,5.318169371,7.3135259,0.109460644,0.565452995,82.66730462,326.1434145,4.579620159,0.791841679,5.027341112,1.92984095,5.947022467
291,NGC_5617,0.0270298,0.007887664,7.800029359,0.202800763,13.61318384,1591,318,9.361493434,0.175686381,12.25092648,6.214945544,0.134801803,0.44295774,88.31694007,235.5298505,9.13230018,1.390692979,15.34698859,3.108524599,13.37870823
291,UBC_298,0.0270298,0.007887664,8.650307523,0.224907996,13.33656466,692,138,13.41869539,1.805725183,9.164400445,7.385642881,0.162352433,0.57383728,95.86366209,235.5298505,9.13230018,1.390692979,15.34698859,3.108524599,10.13587706
292,NGC_5715,0.0085476,0.002494306,8.899820502,0.231395333,12.60610866,1536,307,8.226540287,0.518344212,12.09229831,7.548095644,0.08170878,0.592873986,98.20485885,230.6642782,8.473745112,1.398020495,6.010038038,1.665671687,13.36442832
292,NGC_5764,0.0480666,0.014026488,9.079181246,0.236058712,12.20678411,389,77,9.936309617,0.92067991,7.673749455,7.174717596,0.089887221,0.549431456,84.71327826,230.6642782,8.473745112,1.398020495,6.010038038,1.665671687,8.454590133
293,NGC_6200,0.0270298,0.007887664,7.281033367,0.189306868,13.33178708,700,140,32.04015816,17.22321724,8.454655208,8.105092045,0.049951914,0.659695057,99.60073751,249.4480218,6.670448322,0.949172651,18.96409475,2.470311998,9.097506382
293,UBC_1550,0.0480666,0.014026488,8.720159303,0.226724142,14.25620293,590,118,11.35668064,0.23674918,8.169272985,7.353882126,0.062582665,0.570139722,85.08312038,249.4480218,6.670448322,0.949172651,18.96409475,2.470311998,8.593526207
295,NGC_6231,0.0480666,0.014026488,6.810232518,0.177066045,12.6610575,4384,876,12.05454726,1.765862455,17.01527202,8.294258137,0.057872205,0.682924391,97.49130986,31.40920313,35.05120601,6.88113622,11.35596892,3.585303211,18.40062974
295,OC_0673,0.0480666,0.014026488,6.840106094,0.177842758,11.71574887,101,20,4.137711542,0.436311,4.845470736,8.301758445,0.058544559,0.68385093,97.03823662,31.40920313,35.05120601,6.88113622,11.35596892,3.585303211,4.601267816
296,NGC_6396,0.0480666,0.014026488,6.6599162,0.173157821,16.36658901,752,150,5.493357298,0.276578573,8.426306618,8.330203579,0.03643138,0.687368658,105.3269041,633.4438553,4.742707088,0.674959381,14.51710913,3.348442468,8.323417851
296,OC_0692,0.0480666,0.014026488,8.089905111,0.210337533,14.77548208,904,181,7.782385232,0.179855675,8.119273059,8.390457368,0.029661578,0.69483991,76.21469582,633.4438553,4.742707088,0.674959381,14.51710913,3.348442468,8.850178473
297,NGC_6400,0.0270298,0.007887664,8.640481437,0.224652517,11.93633534,1012,202,6.575736105,0.374989154,10.73433918,7.84846076,0.01665588,0.628612539,84.591738,104.4229411,11.03916761,1.664570953,7.864046757,3.491945028,11.86623928
297,Theia_3922,0.0152,0.004435567,8.780317312,0.22828825,11.70645182,467,93,10.56173036,1.119028281,8.251558446,7.934543827,0.021353441,0.638982918,81.62631739,104.4229411,11.03916761,1.664570953,7.864046757,3.491945028,9.164441703
298,NGC_6451,0.0270298,0.007887664,7.800029359,0.202800763,14.09372553,1847,369,15.71287685,0.646864336,11.05928704,10.11963719,0.067102181,0.920351483,82.46389231,477.2613394,6.097002926,1.102978258,9.540182448,2.175935083,11.9065823
298,UBC_564,0.0270298,0.007887664,6.6599162,0.173157821,16.04755974,215,43,5.772173007,0.239713211,5.692117205,8.492704867,0.050552422,0.707579678,104.3937649,477.2613394,6.097002926,1.102978258,9.540182448,2.175935083,5.813534726
299,NGC_6469,0.0480666,0.014026488,6.6599162,0.173157821,15.92456059,487,97,27.55365816,9.063643192,8.064993146,9.531909124,0.114649976,0.841348922,99.45329751,316.8653762,5.293618706,0.750333295,8.789871359,3.41752722,8.954218203
299,Trumpler_33,0.0480666,0.014026488,7.980003372,0.207480088,11.56050268,545,109,11.39536599,0.357017454,8.617345108,11.00738096,0.092635711,1.044076448,82.09589401,316.8653762,5.293618706,0.750333295,8.789871359,3.41752722,9.296461064
301,NGC_7160,0.0085476,0.002494306,7.11058971,0.184875332,9.854193953,383,76,10.65898155,1.046819855,8.73563541,10.49212341,0.200146762,0.971631058,90.48289164,48.81477123,12.03678437,1.6958138,20.04334082,6.79019472,10.29766877
301,UBC_10b,0.0480666,0.000140275,9.11058971,0.236875332,10.46401408,439,87,29.90403692,8.976334335,9.139292315,14.60715817,0.198118318,1.596080902,90.54428589,48.81477123,12.03678437,1.6958138,20.04334082,6.79019472,10.78914298
302,OC_0031,0.0480666,0.014026488,6.620136055,0.172123537,15.91738182,916,183,5.049369316,0.279864187,9.693919435,9.263078725,0.059910544,0.806007969,102.3964283,77.28890708,14.3197828,2.028045295,7.029985921,3.044946175,10.45990039
302,UBC_344,0.0480666,0.014026488,6.69019608,0.173945098,15.25397696,926,185,9.369604264,3.476906615,9.759327305,9.297201772,0.057268302,0.810465789,101.8970252,77.28890708,14.3197828,2.028045295,7.029985921,3.044946175,10.49804359
303,OC_0034,0.0270298,0.007887664,8.810232518,0.229066045,12.07703918,190,38,6.1582188,0.350785041,5.852100101,9.521338837,0.0655121,0.839949806,79.83444569,235.2117446,5.539896866,0.89085564,15.82551608,2.871648143,6.449765999
303,UBC_1021,0.0480666,0.014026488,6.640481437,0.172652517,15.86901355,649,129,29.97074214,3.483023893,8.985941024,8.967683588,0.049919645,0.767762185,99.5581945,235.2117446,5.539896866,0.89085564,15.82551608,2.871648143,9.713801515
305,OC_0120,0.0270298,0.007887664,7.650307523,0.198907996,14.39911085,290,58,7.489054656,0.357977671,7.716118199,10.36868871,0.213192162,0.954535439,96.56943081,141.2823057,7.36622815,1.105001571,7.515626521,4.833440327,8.978040112
305,vdBergh_130,0.0480666,0.014026488,6.889861721,0.179136405,13.81964335,601,120,10.31154401,2.489823182,9.802579885,11.20366286,0.18457069,1.072127289,95.33682476,141.2823057,7.36622815,1.105001571,7.515626521,4.833440327,11.44878273
306,OC_0133,0.0480666,0.014026488,6.680335513,0.173688723,15.93510191,491,98,18.80803141,2.629745522,9.317617899,12.94103834,0.24974647,1.330944632,93.96214456,228.4904521,5.710512919,0.815837731,24.62009199,6.070195608,10.95023597
306,Steine_20,0.0270298,0.007887664,7.281033367,0.189306868,16.66574736,375,75,10.25782353,0.636918358,8.525908818,12.14527339,0.254552707,1.210088812,96.47030474,228.4904521,5.710512919,0.815837731,24.62009199,6.070195608,10.00918815
307,OC_0153,0.0480666,0.014026488,7.599883072,0.19759696,13.73182444,144,28,8.286790884,0.189012609,6.320526383,10.41570076,0.207908532,0.961034645,92.12120685,193.8889752,5.932124224,0.990931357,22.62093263,5.324602126,7.53205851
307,UBC_161,0.0085476,0.002494306,8.309630167,0.216050384,11.71685692,649,129,11.65591353,0.638925587,10.42796251,12.47892614,0.194060539,1.260294743,90.48262112,193.8889752,5.932124224,0.990931357,22.62093263,5.324602126,12.44333729
308,OC_0168,0.0152,0.004435567,7.559906625,0.196557572,18.00128594,1267,253,23.7822511,1.185271317,16.39376673,27.02867133,0.596616945,4.017384031,107.7840467,841.9104561,4.110112184,0.65969086,26.22665468,8.018683845,20.46747967
308,OC_0190,0.0480666,0.014026488,6.810232518,0.177066045,23.01475676,386,77,11.34321913,0.477908446,10.72185011,29.97950744,0.573245729,4.692918831,90.54811526,841.9104561,4.110112184,0.65969086,26.22665468,8.018683845,13.77204126
309,OC_0315,0.0270298,0.007887664,6.69019608,0.173945098,13.70660485,191,38,7.788232742,9.019336347,7.656557553,8.815197153,0.152960705,0.748263132,76.7472075,167.2389482,4.995193962,0.715996786,18.32090364,2.972403425,9.668264922
309,Theia_6999,0.0480666,0.014026488,6.899820502,0.179395333,13.39930522,294,58,36.04013952,26.33755857,8.867407027,8.778396578,0.180280722,0.743582394,76.20577925,167.2389482,4.995193962,0.715996786,18.32090364,2.972403425,11.16396952
310,OC_0440,0.0480666,0.014026488,7.170261715,0.186426805,14.67191601,834,166,70.35675075,10.36445357,17.81944394,49.68623322,0.829367795,10.01291232,46.3107293,3134.354786,2.160232943,0.305433659,27.08566529,8.953404004,21.81746901
310,Teutsch_62,0.0480666,0.014026488,8.899820502,0.231395333,13.71716352,866,173,27.56541081,2.075211802,15.91416335,55.57636392,0.750125399,11.84517544,67.26295208,3134.354786,2.160232943,0.305433659,27.08566529,8.953404004,22.0930149
311,OC_0602,0.0085476,0.002494306,8.760422483,0.227770985,11.41035245,124,24,8.470271326,3.367738908,5.455077768,7.382597012,0.035698335,0.573482338,82.90042981,112.2233279,6.021978486,0.932896361,8.862776358,1.7318231,6.136557195
311,UBC_295,0.0152,0.000443557,9.049218023,0.235279669,11.18268523,349,69,7.18869407,0.812167598,7.690765815,7.192644952,0.028202676,0.551492026,82.25308726,112.2233279,6.021978486,0.932896361,8.862776358,1.7318231,8.665979059
312,PHOC_1,0.0270298,0.007887664,7.820201459,0.203325238,12.06276936,90,18,21.58435669,3.244100306,5.420556401,10.41133915,0.146610845,0.960431055,92.86044561,170.890445,3.988731949,0.613589231,15.23212021,3.752732087,6.457684598
312,Theia_1890,0.0270298,0.007887664,7.089905111,0.184337533,11.55234083,226,45,31.15683083,7.055228456,7.343341838,8.201088122,0.141281534,0.671449757,82.36991264,170.890445,3.988731949,0.613589231,15.23212021,3.752732087,8.777889975
313,Riddle_6,0.0480666,0.014026488,6.869818208,0.178615273,11.61567796,93,18,3.433623985,0.22256203,5.410276924,10.21654426,0.170134758,0.933603205,90.2842957,73.92280763,4.677781143,0.652810596,20.25728744,2.421022337,6.411441128
313,UPK_155,0.0152,0.004435567,7.920123326,0.205923206,10.05942727,95,19,11.67520377,0.244221972,5.446556538,11.62563899,0.157377602,1.133265199,89.36790702,73.92280763,4.677781143,0.652810596,20.25728744,2.421022337,6.457141649
314,Ruprecht_63,0.0152,0.004435567,8.980003372,0.233480088,13.87854649,1051,210,14.68526145,0.526571802,13.10253713,12.47517604,0.358962229,1.259726679,92.2358787,428.3159914,5.441477001,0.837446807,6.975455228,5.254302531,16.0738109
314,UBC_1440,0.0152,0.004435567,9.149219113,0.237879697,15.13363323,423,84,17.03433693,1.337289618,9.793355515,10.66112767,0.326550547,0.995201494,106.0506563,428.3159914,5.441477001,0.837446807,6.975455228,5.254302531,11.86739232
316,Stock_13,0.0480666,0.014026488,6.820201459,0.177325238,13.43827464,621,124,68.34378819,204.5327806,9.680231068,7.422682034,0.165705156,0.578159397,86.50566441,558.3997593,4.041387765,0.579009733,14.123716,2.275476846,11.08976905
316,UBC_272,0.0480666,0.014026488,8.149219113,0.211879697,12.64032387,439,87,17.02659566,3.557645312,8.599008419,6.984099586,0.092168305,0.527681584,79.28078712,558.3997593,4.041387765,0.579009733,14.123716,2.275476846,9.878995734
317,Stock_14,0.0480666,0.014026488,6.889861721,0.179136405,13.40669497,463,92,11.15818656,0.659081579,8.635838086,6.786708404,0.061767968,0.505469654,88.10995994,133.6559367,6.957688708,1.00395553,10.24470272,2.099311613,9.871014726
317,UBC_1587,0.0480666,0.014026488,6.790285164,0.176547414,13.93207244,289,57,8.220980069,0.433570032,7.420861925,6.746647592,0.057573534,0.50100071,89.15734283,133.6559367,6.957688708,1.00395553,10.24470272,2.099311613,8.435040079
318,Teutsch_12,0.0480666,0.014026488,9.041392685,0.23507621,14.05334018,325,65,11.49711309,0.664420907,10.35628001,8.951769955,0.139933812,0.765719439,116.3848762,676.5023232,3.127366103,0.446055095,29.49215586,7.222143639,13.07124427
318,UBC_203,0.0270298,0.007887664,8.989894564,0.233737259,13.12932436,444,88,12.32343238,0.627914472,10.84710425,9.139177444,0.141736268,0.78989064,76.2483334,676.5023232,3.127366103,0.446055095,29.49215586,7.222143639,14.50388166
319,Teutsch_292,0.0480666,0.014026488,8.720159303,0.226724142,10.87874464,156,31,8.873899304,1.504362146,6.187258952,12.66992858,0.161924665,1.289340288,88.80460872,147.5410205,3.863792472,0.558263401,19.37001215,3.244972632,7.161072716
319,Theia_3047,0.0480666,0.014026488,7.790285164,0.202547414,11.98488942,100,20,9.799982245,0.935115609,5.332116837,10.84929035,0.172110719,1.021664495,86.17864712,147.5410205,3.863792472,0.558263401,19.37001215,3.244972632,6.174343476
320,Teutsch_J1209.3-6120,0.0480666,0.014026488,9.380211242,0.243885492,13.03026197,410,82,8.321306979,0.625776801,8.170619928,5.839907638,0.115283969,0.403473737,74.08451884,595.0672649,9.874014273,1.866083411,14.70869919,2.509842235,9.053503119
320,Trumpler_20,0.0480666,0.014026488,9.390935107,0.244164313,12.76464744,6333,1266,11.04835751,0.907551145,19.88255132,6.324243484,0.077079384,0.45469395,65.43184052,595.0672649,9.874014273,1.866083411,14.70869919,2.509842235,22.54794167
321,Theia_401,0.0480666,0.014026488,8.969881644,0.233216923,9.400567454,256,51,19.33209526,1.037291549,7.604933025,11.48467748,0.13648109,1.11271645,90.18124403,68.83363319,9.178670984,1.44894941,270.6445951,5.718562875,8.978622057
321,UPK_166,0.0480666,0.014026488,7.409933123,0.192658261,9.285148635,418,93,56.78953236,11.64917243,8.911867069,9.262276194,0.142564511,0.805903225,89.7622172,68.83363319,9.178670984,1.44894941,270.6445951,5.718562875,10.58419879
322,Theia_2478,0.0480666,0.014026488,8.699837726,0.226195781,13.03935905,528,105,21.25756195,4.903079881,8.747052718,7.48823986,0.052440086,0.585835822,80.64119772,169.3650853,8.635774353,1.270184204,21.06046155,2.163751916,9.894268692
322,UBC_522,0.0480666,0.014026488,6.650307523,0.172907996,15.88147005,940,188,41.85820026,5.299088307,10.72015684,6.874786837,0.047027386,0.515341549,93.81011196,169.3650853,8.635774353,1.270184204,21.06046155,2.163751916,11.99305222
323,Theia_2505,0.0270298,0.007887664,7.250420002,0.18851092,12.85868793,163,32,15.51005505,0.976993182,5.669414526,8.235572455,0.023994108,0.675689222,95.20382379,28.83343706,21.8437011,3.961277293,13.77114664,4.790229374,5.761074455
323,Trumpler_26,0.0270298,0.007887664,8.550228353,0.222305937,12.54100487,1436,287,15.19994929,1.55096814,11.67922281,8.244983548,0.034496069,0.676847755,80.56725512,28.83343706,21.8437011,3.961277293,13.77114664,4.790229374,12.60165817
324,Theia_3397,0.0270298,0.007887664,7.770115295,0.202022998,9.889988202,391,78,31.42438271,14.74571623,8.994275607,9.251699636,0.101862935,0.804523233,92.78863153,150.1255029,6.24277122,0.889166809,12.17286125,5.308356187,10.89529367
324,UPK_470,0.0085476,0.002494306,7.530199698,0.195785192,10.02068721,289,57,121.1353159,67.71568229,8.171850828,8.327924944,0.097868399,0.687086644,82.4557517,150.1255029,6.24277122,0.889166809,12.17286125,5.308356187,9.850275025
325,Theia_3823,0.0152,0.004435567,8.389166084,0.218118318,12.5522761,180,36,6.266580256,0.512883537,6.682847984,11.84358532,0.188115861,1.165282147,98.23329601,254.8820237,2.928177882,0.446595785,10.21377503,3.506555386,7.961858687
325,UBC_1621,0.0085476,0.002494306,7.459392488,0.193944205,11.87349843,74,14,19.098942,6.881945504,5.036964346,9.376013171,0.192066128,0.820792947,78.39316073,254.8820237,2.928177882,0.446595785,10.21377503,3.506555386,5.920097598
327,Trumpler_11,0.0270298,0.007887664,8.029383778,0.208763978,13.38026975,615,123,15.42342716,0.84305541,9.995069379,8.309030646,0.283557807,0.68474969,102.8965268,1021.476137,3.253896442,0.460685164,9.56916556,4.292840923,11.65484924
327,UBC_1480,0.0270298,0.007887664,8.889861721,0.231136405,14.16472655,642,128,22.92317688,2.361629792,10.22823688,7.759126272,0.41650981,0.617910439,57.40988475,1021.476137,3.253896442,0.460685164,9.56916556,4.292840923,11.8229717
328,Trumpler_12,0.0480666,0.014026488,8.699837726,0.226195781,13.51210689,1171,234,13.3354413,1.492556982,12.39623719,9.145523091,0.359326772,0.790713455,109.1996583,251.6124579,6.751483419,1.200972044,20.57336587,5.059360976,14.47081494
328,UBC_1475,0.0480666,0.014026488,8.899820502,0.231395333,14.37685518,162,32,10.47602998,0.280725548,6.437836302,11.97458205,0.346770088,1.184668523,110.3812992,251.6124579,6.751483419,1.200972044,20.57336587,5.059360976,7.483355891
329,Trumpler_23,0.0270298,0.007887664,8.850033258,0.230100865,13.62028903,1780,356,7.474295073,0.927938445,11.89439014,6.95396364,0.207742075,0.524269903,106.5265627,471.5577847,6.385891057,1.053466269,9.839815687,2.664383227,12.52961185
329,UBC_535,0.0270298,0.007887664,8.42975228,0.219173559,13.53839428,455,91,27.4981179,2.952746631,7.387590565,7.35434502,0.216381239,0.570193554,88.95295392,471.5577847,6.385891057,1.053466269,9.839815687,2.664383227,7.951772675
330,UBC_125,0.0152,0.004435567,8.860338007,0.230368788,11.25167417,375,75,25.68280085,3.914556446,8.106092847,11.74980322,0.120592467,1.151468848,94.63292281,225.780618,9.156262028,1.556477622,11.75483329,3.756064017,9.366837098
330,UBC_129,0.0480666,0.014026488,7.810232518,0.203066045,11.87423174,1825,365,51.58797005,12.1093232,13.93624955,9.91899936,0.143891269,0.893116466,85.99919858,225.780618,9.156262028,1.556477622,11.75483329,3.756064017,15.87648476
331,UBC_147,0.0480666,0.014026488,7.609594409,0.197849455,13.0503342,513,102,30.37457723,5.033118303,9.516816944,10.42537986,0.185910232,0.962374562,98.41146063,473.0927261,3.643665458,0.554109982,14.98426786,4.072028057,11.2007789
331,UBC_586,0.0480666,0.014026488,9.008600172,0.234223604,12.42007118,217,43,24.4801242,2.498234353,7.138727308,11.88543687,0.197345407,1.171464217,85.24448829,473.0927261,3.643665458,0.554109982,14.98426786,4.072028057,8.408013847
332,UBC_253,0.0270298,0.007887664,8.609594409,0.223849455,11.61625575,261,52,10.96221323,0.7300159,7.533997837,11.0822532,0.170333594,1.05474726,92.65344081,162.7715964,5.761568256,0.824392882,21.69255296,2.869529674,8.852629384
332,UBC_254,0.0085476,0.002494306,8.389166084,0.218118318,11.58102676,367,73,21.10086238,1.419523622,8.437558167,10.84964187,0.176547326,1.021714149,98.67603355,162.7715964,5.761568256,0.824392882,21.69255296,2.869529674,9.918230113
333,UBC_280,0.0152,0.004435567,7.480006943,0.194480181,12.39884721,417,83,89.99580977,82.25411029,8.330701704,7.3400886,0.082799289,0.568536375,78.82637812,82.33537643,9.085953478,1.282106545,18.28120568,2.253676265,9.460101833
333,UBC_281,0.0270298,0.007887664,7.910090546,0.205662354,12.53308825,373,74,12.52692634,2.254697625,8.0082977,6.235251432,0.060724787,0.445130404,100.172874,82.33537643,9.085953478,1.282106545,18.28120568,2.253676265,9.113841669
334,UBC_1532,0.0270298,0.007887664,8.840106094,0.229842758,13.70791735,880,176,13.7367692,1.068171394,9.529659375,5.819814955,0.101339131,0.401393252,73.9845774,166.374131,9.373547624,1.326798002,7.390480578,2.150508559,10.40239319
334,UBC_299,0.0085476,0.002494306,8.969881644,0.233216923,13.3579455,819,163,10.60721508,0.9639321,9.483395394,5.93007984,0.124747159,0.412854587,105.3319489,166.374131,9.373547624,1.326798002,7.390480578,2.150508559,10.15613475
335,UBC_315,0.0480666,0.014026488,9.149219113,0.237879697,12.81330307,807,161,9.054844901,0.076439108,9.301427031,6.838874736,0.155315287,0.511308811,97.4078451,315.9397025,6.002442667,0.869430696,12.89384641,3.415397809,9.753938549
335,UBC_550,0.0480666,0.014026488,8.699837726,0.226195781,13.80622212,516,103,17.76548235,0.798762267,7.716959684,7.359014829,0.1609525,0.570736727,95.86478038,315.9397025,6.002442667,0.869430696,12.89384641,3.415397809,8.403023461
336,UBC_326,0.0152,0.004435567,8.980003372,0.233480088,12.68135704,701,140,9.503865201,0.807656685,9.170739329,7.164957283,0.119314376,0.548310688,103.4219969,126.8716371,8.357695442,1.256016388,12.36128254,4.005863135,9.97955398
336,UFMG_66,0.0085476,0.002494306,7.369215857,0.191599612,11.8582663,329,65,34.76807068,16.4800575,7.083560507,8.466898363,0.098772969,0.70435698,88.19208339,126.8716371,8.357695442,1.256016388,12.36128254,4.005863135,7.753961818
338,UBC_1043,0.0152,0.004435567,6.599883072,0.17159696,15.6033938,223,44,6.138244214,0.437201443,6.140398523,9.971929361,0.098884014,0.900274799,101.8619859,30.82394011,15.03656494,2.327438253,13.20129625,3.456522638,6.486379521
338,UBC_355,0.0270298,0.007887664,6.599883072,0.17159696,15.93606397,587,117,5.907575061,0.77778594,8.482158566,9.764408179,0.078326229,0.872318718,101.8700916,30.82394011,15.03656494,2.327438253,13.20129625,3.456522638,9.073932968
339,UBC_356,0.0270298,0.007887664,7.810232518,0.203066045,11.9278574,214,42,11.431391,0.2215244,6.579183548,8.720513558,0.067330558,0.736239977,83.60817884,42.62354005,10.1563087,1.443066935,11.81766416,4.101767255,7.399133285
339,UBC_575,0.0480666,0.014026488,7.910090546,0.205662354,11.72555311,297,59,18.88173818,3.181406288,7.363474048,8.954228592,0.07452996,0.766034922,84.6675857,42.62354005,10.1563087,1.443066935,11.81766416,4.101767255,8.266768073
341,UBC_1374,0.0480666,0.014026488,6.620136055,0.172123537,15.84357071,392,78,10.21174079,0.729539768,9.809391467,7.870489941,0.25810706,0.631260995,68.46547025,237.6295194,4.895860117,0.703421782,11.58458817,6.194032682,12.35825891
341,UBC_457,0.0270298,0.007887664,8.230448921,0.213991672,13.54068689,270,54,9.42347263,0.342659466,8.669238894,8.070154901,0.259775217,0.655434216,91.38469761,237.6295194,4.895860117,0.703421782,11.58458817,6.194032682,10.91364637
343,UBC_1259,0.0270298,0.007887664,8.439332694,0.21942265,13.9432596,411,82,83.32610604,38.04147182,10.64910419,10.57252611,0.314659956,0.982821057,89.23304803,478.4605332,3.74759506,0.531343755,6.13134352,8.348686057,13.28443314
343,UBC_1262,0.0480666,0.014026488,6.640481437,0.172652517,19.01395141,370,74,9.886663946,0.725223445,9.902870665,11.28648289,0.238881001,1.084037346,77.46854673,478.4605332,3.74759506,0.531343755,6.13134352,8.348686057,12.82711611
344,UBC_1289,0.0480666,0.014026488,9.369215857,0.243599612,11.85086834,340,68,14.65785686,1.1549714,9.433085699,8.616861394,0.212655584,0.72315262,83.24126381,338.7334867,3.936280621,0.561759439,10.10393348,7.818882911,11.92022436
344,UBC_1295,0.0480666,0.014026488,8.699837726,0.226195781,13.48463788,270,54,103.8870892,69.64612568,8.603579667,11.42544628,0.191771467,1.104119454,83.1386292,338.7334867,3.936280621,0.561759439,10.10393348,7.818882911,11.03849904
